observation_id,scenario,tree_fine_energy_ratio,runtime_e4_seconds,inner_iterations,outer_nfev
stage28:A:380:gaussian:010,gaussian,135.38838906240088,0.137309044599533,22,10
stage28:A:380:gaussian:019,gaussian,140.9496013295509,0.0810540691018104,12,8
stage28:A:380:gaussian:020,gaussian,17.108675835414964,0.0813274681568145,12,8
stage28:A:380:gaussian:027,gaussian,52.97460210496524,0.0686921551823616,12,8
stage28:A:380:gaussian:036,gaussian,96.88828024141657,0.0724256038665771,15,8
stage28:A:380:gaussian:040,gaussian,169.1921760596965,0.0833333805203437,13,9
stage28:A:380:gaussian:052,gaussian,537.3016727261784,0.0618078187108039,12,8
stage28:A:380:gaussian:053,gaussian,57.87484339487829,0.0784466043114662,16,8
stage28:A:380:gaussian:090,gaussian,131.6407775406208,0.065715841948986,12,9
stage28:A:380:gaussian:096,gaussian,45.98163179760886,0.0765226483345031,16,8
stage28:A:380:gaussian:104,gaussian,81.28467163600122,0.0593199208378791,11,9
stage28:A:380:gaussian:105,gaussian,513.8472645398291,0.0619355738162994,12,8
stage28:A:380:gaussian:114,gaussian,338.39844442549446,0.0409958288073539,12,8
stage28:A:380:gaussian:117,gaussian,189.46855201974617,0.0621457397937774,13,8
stage28:A:380:gaussian:121,gaussian,240.13108262799005,0.0656938403844833,14,8
stage28:A:380:gaussian:122,gaussian,376.95896514789246,0.0678901597857475,14,8
stage28:A:380:gaussian:127,gaussian,141.59459388544025,0.0464946627616882,13,9
stage28:A:380:gaussian:138,gaussian,185.95007939155624,0.0975558906793594,19,9
stage28:A:380:gaussian:142,gaussian,46.6766078491176,0.0715798810124397,14,8
stage28:A:380:gaussian:152,gaussian,86.22566288957549,0.0637886896729469,14,8
stage28:A:380:gaussian:160,gaussian,161.46957154262273,0.0734262615442276,14,8
stage28:A:380:gaussian:162,gaussian,114.29401601332754,0.0868235230445861,15,9
stage28:A:380:gaussian:167,gaussian,88.34744510903877,0.0745852887630462,17,8
stage28:A:380:gaussian:181,gaussian,123.59316479813306,0.0501950085163116,15,8
stage28:A:380:gaussian:187,gaussian,116.39889207871708,0.066372126340866,13,9
stage28:A:380:impulsive:080,impulsive,94.8013566370754,0.0547541826963424,11,8
stage28:A:380:impulsive:092,impulsive,545.1167579772857,0.0424913763999938,11,8
stage28:A:380:baseline_drift:019,baseline_drift,59.43644376316608,0.0594319179654121,13,8
stage28:A:380:baseline_drift:049,baseline_drift,116.66737048601796,0.085634522140026,16,8
stage28:A:380:baseline_drift:051,baseline_drift,107.02158174061115,0.0813851729035377,15,8
stage28:A:380:baseline_drift:062,baseline_drift,110.67168642773888,0.0584465339779853,13,8
stage28:A:380:baseline_drift:069,baseline_drift,22.058085218595487,0.0358543246984481,10,8
stage28:A:380:baseline_drift:094,baseline_drift,15.192772738145784,0.0712369307875633,16,8
stage28:A:380:baseline_drift:101,baseline_drift,17.14893685647035,0.0670884624123573,13,8
stage28:A:380:baseline_drift:105,baseline_drift,35.190743773990945,0.0616863071918487,13,8
stage28:A:380:baseline_drift:107,baseline_drift,125.63823613159887,0.0576966404914855,12,8
stage28:A:380:baseline_drift:112,baseline_drift,11.978168134452808,0.0741723105311393,16,8
stage28:A:380:baseline_drift:115,baseline_drift,57.93719675049055,0.0454840958118438,9,8
stage28:A:380:baseline_drift:119,baseline_drift,35.51549310829072,0.0500850155949592,9,8
stage28:A:380:baseline_drift:123,baseline_drift,105.14909711973336,0.0558181405067443,11,8
stage28:A:380:baseline_drift:125,baseline_drift,13.94004304042068,0.056590624153614,12,8
stage28:A:380:baseline_drift:153,baseline_drift,14.49407669372298,0.0552190467715263,10,8
stage28:A:380:baseline_drift:158,baseline_drift,26.790192054612454,0.0646936744451522,14,8
stage28:A:380:baseline_drift:162,baseline_drift,116.38342329459115,0.0588846653699874,13,8
stage28:A:380:baseline_drift:163,baseline_drift,54.26734037888933,0.0684904307126998,14,8
stage28:A:380:baseline_drift:170,baseline_drift,39.68151613746514,0.0563325360417366,12,8
stage28:A:380:baseline_drift:188,baseline_drift,10.572191137548929,0.0651800259947776,10,8
stage28:A:380:baseline_drift:189,baseline_drift,4.291642002848066,0.0783684998750686,17,8
stage28:A:380:baseline_drift:198,baseline_drift,14.263181933654812,0.0554807558655738,12,8
stage28:A:380:mixed:001,mixed,530.394673067396,0.0708406716585159,13,9
stage28:A:380:mixed:016,mixed,96.74487828677346,0.0582922101020813,10,9
stage28:A:380:mixed:047,mixed,48.7597864283337,0.0642609745264053,11,9
stage28:A:380:mixed:072,mixed,368.2092598402932,0.0727966502308845,14,9
stage28:A:380:mixed:073,mixed,30.468717653512982,0.062729999423027,11,9
stage28:A:380:mixed:076,mixed,382.2128377668728,0.0847762897610664,14,9
stage28:A:380:mixed:094,mixed,65.78662180279706,0.0637232884764671,11,9
stage28:A:380:mixed:107,mixed,342.5762902452586,0.0719339326024055,14,9
stage28:A:380:mixed:110,mixed,45.92770881535255,0.0584675893187522,11,8
stage28:A:380:mixed:111,mixed,121.51232874086726,0.084504134953022,13,8
stage28:A:380:mixed:118,mixed,903.058332689068,0.0391534492373466,10,8
stage28:A:380:mixed:145,mixed,301.12971148931507,0.0497282221913337,12,9
stage28:A:380:mixed:158,mixed,56.197020440451766,0.0462324544787406,8,9
stage28:A:380:mixed:161,mixed,251.27891060775676,0.0663663446903228,13,9
stage28:A:380:mixed:168,mixed,68.65005185455763,0.0529446676373481,10,8
stage28:A:380:mixed:179,mixed,47.31284521227194,0.0647115558385849,13,8
stage28:A:380:mixed:184,mixed,386.569006239561,0.0600953847169876,10,9
stage28:A:380:mixed:185,mixed,193.26394127452875,0.0663065686821937,11,9
stage28:A:520:gaussian:006,gaussian,3184.9478926920606,0.0749251842498779,18,7
stage28:A:520:gaussian:008,gaussian,54.51111810146946,0.0438720509409904,14,7
stage28:A:520:gaussian:045,gaussian,253.8869577056425,0.0855669900774955,18,8
stage28:A:520:gaussian:050,gaussian,224.44671395313725,0.0620286092162132,13,7
stage28:A:520:gaussian:057,gaussian,293.73065475295505,0.1124988943338394,23,9
stage28:A:520:gaussian:092,gaussian,184.23682131212183,0.0412861108779907,13,7
stage28:A:520:gaussian:129,gaussian,104.72126965482312,0.0517201647162437,10,8
stage28:A:520:gaussian:143,gaussian,51.069329388391694,0.0590209662914276,12,8
stage28:A:520:gaussian:144,gaussian,161.33543871421608,0.0696305111050605,18,7
stage28:A:520:gaussian:146,gaussian,472.1139296599438,0.0596924573183059,16,6
stage28:A:520:gaussian:148,gaussian,708.7229139797386,0.0909241512417793,19,8
stage28:A:520:gaussian:150,gaussian,188.63953353940903,0.061413437128067,12,8
stage28:A:520:gaussian:151,gaussian,16.481565121072617,0.0989112928509712,23,8
stage28:A:520:gaussian:165,gaussian,668.5663385904057,0.0453504174947738,11,6
stage28:A:520:gaussian:177,gaussian,76.34001927731188,0.067947082221508,14,8
stage28:A:520:gaussian:180,gaussian,225.6250738910945,0.0623052045702934,15,7
stage28:A:520:impulsive:124,impulsive,309.9426386664058,0.052534133195877,12,7
stage28:A:520:baseline_drift:000,baseline_drift,77.0040948505542,0.055826686322689,13,7
stage28:A:520:baseline_drift:001,baseline_drift,103.4460090827875,0.0635501444339752,13,8
stage28:A:520:baseline_drift:009,baseline_drift,6.713488587885824,0.0557578429579734,12,7
stage28:A:520:baseline_drift:020,baseline_drift,6.385575713863419,0.0743939727544784,18,7
stage28:A:520:baseline_drift:033,baseline_drift,8.866836617564092,0.0507660508155822,10,8
stage28:A:520:baseline_drift:039,baseline_drift,65.9282118983754,0.0464817062020301,9,8
stage28:A:520:baseline_drift:043,baseline_drift,28.07705399743664,0.0493829995393753,10,7
stage28:A:520:baseline_drift:052,baseline_drift,6.134183858190951,0.0519301444292068,9,9
stage28:A:520:baseline_drift:056,baseline_drift,73.85075948082843,0.0460904315114021,10,7
stage28:A:520:baseline_drift:062,baseline_drift,4.839263690088079,0.0321762785315513,8,8
stage28:A:520:baseline_drift:078,baseline_drift,6.633197520195627,0.0624550506472587,11,8
stage28:A:520:baseline_drift:082,baseline_drift,26.25301119719911,0.0578766465187072,11,8
stage28:A:520:baseline_drift:087,baseline_drift,11.627371943452903,0.0493731126189231,9,8
stage28:A:520:baseline_drift:100,baseline_drift,76.75416556990085,0.050844520330429,11,7
stage28:A:520:baseline_drift:103,baseline_drift,48.35172762529809,0.0582204088568687,12,8
stage28:A:520:baseline_drift:111,baseline_drift,147.82766614864937,0.0570612549781799,11,8
stage28:A:520:baseline_drift:116,baseline_drift,134.9493892643092,0.0431219935417175,9,7
stage28:A:520:baseline_drift:119,baseline_drift,208.5263513891817,0.0554405897855758,10,8
stage28:A:520:baseline_drift:125,baseline_drift,3.73984516061362,0.0446318089962005,10,7
stage28:A:520:baseline_drift:130,baseline_drift,169.86829975075216,0.0398677289485931,11,8
stage28:A:520:baseline_drift:140,baseline_drift,79.82440676929333,0.0412793159484863,10,6
stage28:A:520:baseline_drift:142,baseline_drift,15.31255118030203,0.0545086562633514,9,9
stage28:A:520:baseline_drift:146,baseline_drift,6.635780767582033,0.0449187010526657,9,8
stage28:A:520:baseline_drift:158,baseline_drift,73.62602508426218,0.056485965847969,12,8
stage28:A:520:baseline_drift:160,baseline_drift,22.600967334949868,0.0540113598108291,11,8
stage28:A:520:baseline_drift:162,baseline_drift,21.412410406266915,0.0465132743120193,9,8
stage28:A:520:baseline_drift:163,baseline_drift,10.415004311672057,0.0726928636431694,13,9
stage28:A:520:baseline_drift:189,baseline_drift,41.52043064042544,0.0472471117973327,8,8
stage28:A:520:baseline_drift:196,baseline_drift,49.22675866853434,0.0516496524214744,10,8
stage28:A:520:mixed:010,mixed,602.7773063545504,0.0583734661340713,11,8
stage28:A:520:mixed:022,mixed,28.42326450407716,0.0562435910105705,11,8
stage28:A:520:mixed:042,mixed,56.88643630497744,0.0804142281413078,15,8
stage28:A:520:mixed:060,mixed,41.93997361158167,0.0588584691286087,12,8
stage28:A:520:mixed:061,mixed,175.2960911280886,0.0416763797402381,9,7
stage28:A:520:mixed:066,mixed,101.36141074770156,0.0625965446233749,12,8
stage28:A:520:mixed:067,mixed,38.6319142084122,0.0474947094917297,8,9
stage28:A:520:mixed:068,mixed,161.15332101259898,0.0599495992064476,14,7
stage28:A:520:mixed:077,mixed,23.62482717966961,0.0844284817576408,16,9
stage28:A:520:mixed:079,mixed,35.01554182518747,0.0733711346983909,15,8
stage28:A:520:mixed:084,mixed,120.49947496559344,0.0386466160416603,8,7
stage28:A:520:mixed:107,mixed,7.873317454206119,0.0671724453568458,12,8
stage28:A:520:mixed:108,mixed,218.79090587461965,0.0580227524042129,10,7
stage28:A:520:mixed:115,mixed,60.42372069241194,0.0473563447594642,9,8
stage28:A:520:mixed:116,mixed,177.49369101568524,0.0588849112391471,12,8
stage28:A:520:mixed:118,mixed,136.60318803322153,0.0456642210483551,13,8
stage28:A:520:mixed:119,mixed,20.384169196985606,0.0507074669003486,13,8
stage28:A:520:mixed:128,mixed,68.885886790511,0.0428843572735786,9,7
stage28:A:520:mixed:144,mixed,57.13735470740333,0.0457847490906715,9,8
stage28:A:520:mixed:153,mixed,119.372973188252,0.056823544204235,11,8
stage28:A:520:mixed:154,mixed,19.089434141994747,0.0646170899271965,12,8
stage28:A:520:mixed:162,mixed,196.29087425580155,0.0654414892196655,13,8
stage28:A:520:mixed:170,mixed,42.02723409384903,0.0513029545545578,9,9
stage28:A:520:mixed:172,mixed,5.685815834052681,0.0489964559674263,9,8
stage28:A:520:mixed:182,mixed,117.36694082457444,0.0594951584935188,13,8
stage28:A:680:gaussian:002,gaussian,352.5892539587399,0.0621735900640487,13,8
stage28:A:680:gaussian:056,gaussian,1987.4367821829944,0.0699247196316719,17,7
stage28:A:680:gaussian:087,gaussian,2011.580189255944,0.0751158818602562,13,7
stage28:A:680:gaussian:096,gaussian,1457.1378497337216,0.0562256872653961,12,7
stage28:A:680:gaussian:116,gaussian,895.6271294804208,0.066644363105297,14,8
stage28:A:680:gaussian:162,gaussian,386.7047414862412,0.0653992146253585,12,8
stage28:A:680:gaussian:168,gaussian,1032.5786689500335,0.0471800714731216,16,7
stage28:A:680:gaussian:171,gaussian,915.014247823176,0.0618604347109794,13,8
stage28:A:680:baseline_drift:004,baseline_drift,3.890416453986484,0.0424000546336174,9,7
stage28:A:680:baseline_drift:005,baseline_drift,107.40595146671528,0.0498412251472473,13,6
stage28:A:680:baseline_drift:006,baseline_drift,63.01913865094754,0.0301576480269432,9,6
stage28:A:680:baseline_drift:022,baseline_drift,3.1159522756562352,0.0395326018333435,8,6
stage28:A:680:baseline_drift:035,baseline_drift,44.823586600130085,0.0319238156080246,7,6
stage28:A:680:baseline_drift:045,baseline_drift,25.25251107645304,0.0409672856330871,9,7
stage28:A:680:baseline_drift:054,baseline_drift,111.81566652702112,0.0411414802074432,10,6
stage28:A:680:baseline_drift:062,baseline_drift,13.031376261798062,0.0425487384200096,8,7
stage28:A:680:baseline_drift:066,baseline_drift,151.24379223270302,0.0425662174820899,10,6
stage28:A:680:baseline_drift:077,baseline_drift,7.681996949684469,0.0602244511246681,13,7
stage28:A:680:baseline_drift:083,baseline_drift,209.6539725374064,0.0318905562162399,7,6
stage28:A:680:baseline_drift:099,baseline_drift,5.92852148745359,0.0340551361441612,7,6
stage28:A:680:baseline_drift:106,baseline_drift,18.250526006693413,0.0407403111457824,7,8
stage28:A:680:baseline_drift:127,baseline_drift,8.357828776656028,0.0293048992753028,8,7
stage28:A:680:baseline_drift:137,baseline_drift,6.022125595948503,0.0347624942660331,8,6
stage28:A:680:baseline_drift:151,baseline_drift,9.823789222946347,0.0432821586728096,9,7
stage28:A:680:baseline_drift:152,baseline_drift,290.9118681436453,0.0470964685082435,12,6
stage28:A:680:baseline_drift:175,baseline_drift,37.42432768265212,0.0477704852819442,10,7
stage28:A:680:baseline_drift:176,baseline_drift,50.08360542500398,0.0358706787228584,8,6
stage28:A:680:baseline_drift:180,baseline_drift,83.99923845410156,0.0328184068202972,7,6
stage28:A:680:baseline_drift:185,baseline_drift,75.42268055051291,0.0509928986430168,10,7
stage28:A:680:baseline_drift:187,baseline_drift,30.76990010130311,0.0415109023451805,9,6
stage28:A:680:baseline_drift:194,baseline_drift,22.264833482114824,0.0330601707100868,7,6
stage28:A:680:mixed:012,mixed,14.5073452811796,0.0442912727594375,8,8
stage28:A:680:mixed:018,mixed,27.85526672401921,0.048963263630867,9,8
stage28:A:680:mixed:021,mixed,27.02293889007765,0.0621658936142921,13,8
stage28:A:680:mixed:024,mixed,88.38262442921878,0.0471506565809249,8,8
stage28:A:680:mixed:027,mixed,39.01237101883629,0.0517385974526405,9,8
stage28:A:680:mixed:039,mixed,166.90727287100796,0.0371919423341751,10,8
stage28:A:680:mixed:047,mixed,20.091913471300828,0.0503388941287994,9,8
stage28:A:680:mixed:051,mixed,173.39520962386828,0.0533513650298118,10,8
stage28:A:680:mixed:084,mixed,8.556794049649241,0.0724187344312667,15,8
stage28:A:680:mixed:085,mixed,17.529209935671616,0.0456684529781341,10,7
stage28:A:680:mixed:089,mixed,57.54571627897742,0.0439928099513053,8,8
stage28:A:680:mixed:101,mixed,154.63441846466625,0.0460439026355743,9,8
stage28:A:680:mixed:109,mixed,33.71634472469729,0.0464732274413108,9,8
stage28:A:680:mixed:110,mixed,24.887477005748792,0.0513298287987709,11,7
stage28:A:680:mixed:116,mixed,33.37688428101518,0.0424380004405975,9,7
stage28:A:680:mixed:123,mixed,310.1900168163687,0.0497690662741661,9,8
stage28:A:680:mixed:125,mixed,81.39356053042044,0.0499572530388832,13,9
stage28:A:680:mixed:127,mixed,31.246138728923043,0.0298622474074363,8,7
stage28:A:680:mixed:135,mixed,8.938097422990182,0.0432292222976684,10,7
stage28:A:680:mixed:141,mixed,115.9847789369757,0.0334468781948089,10,7
stage28:A:680:mixed:144,mixed,98.40166931364594,0.0467035397887229,9,8
stage28:A:680:mixed:159,mixed,92.29035875561304,0.0416127443313598,8,7
stage28:A:680:mixed:163,mixed,16.80747250032372,0.0457495525479316,9,8
stage28:A:680:mixed:165,mixed,35.212126676974194,0.0603952929377555,12,8
stage28:A:680:mixed:168,mixed,62.03192730066087,0.0393910109996795,7,7
stage28:A:680:mixed:181,mixed,407.0522520545708,0.046464517712593,9,8
stage28:A:680:mixed:192,mixed,20.84955832457517,0.051482118666172,10,8
stage28:A:680:mixed:195,mixed,69.27925723021646,0.0486908033490181,10,7
stage28:B:380:gaussian:005,gaussian,78.77886794608764,0.0975070670247078,14,11
stage28:B:380:gaussian:014,gaussian,387.8137955638079,0.0902780219912529,13,10
stage28:B:380:gaussian:020,gaussian,532.5409330081906,0.1017891094088554,11,13
stage28:B:380:gaussian:024,gaussian,963.1521214945484,0.0845954939723014,17,9
stage28:B:380:gaussian:026,gaussian,696.4199719646117,0.0574347451329231,10,10
stage28:B:380:gaussian:031,gaussian,643.0970746137486,0.0825715437531471,12,11
stage28:B:380:gaussian:039,gaussian,371.89572149482296,0.0944629311561584,13,11
stage28:B:380:gaussian:045,gaussian,216.63809096849684,0.0863037258386612,14,9
stage28:B:380:gaussian:049,gaussian,345.44871531169366,0.1088705956935882,14,12
stage28:B:380:gaussian:058,gaussian,34.52302159240054,0.1314690336585044,13,13
stage28:B:380:gaussian:060,gaussian,183.5166214384764,0.1114836856722831,60,11
stage28:B:380:gaussian:065,gaussian,381.06700706019177,0.1279337629675865,20,11
stage28:B:380:gaussian:066,gaussian,21.631578034864987,0.1100892424583435,12,12
stage28:B:380:gaussian:077,gaussian,187.60484756316455,0.1030053198337555,16,11
stage28:B:380:gaussian:083,gaussian,109.76805002443396,0.1155067235231399,17,12
stage28:B:380:gaussian:094,gaussian,33.555111839965605,0.1145675107836723,23,13
stage28:B:380:gaussian:109,gaussian,48.1383539448323,0.0987924858927726,16,9
stage28:B:380:gaussian:118,gaussian,86.4589600924486,0.1039370819926261,10,13
stage28:B:380:gaussian:138,gaussian,53.28508958259808,0.1119275614619255,18,9
stage28:B:380:gaussian:144,gaussian,100.6972110253186,0.061939314007759,11,12
stage28:B:380:gaussian:145,gaussian,664.5610550147388,0.1281297951936721,21,10
stage28:B:380:gaussian:147,gaussian,863.7911946248967,0.1120630651712417,18,10
stage28:B:380:gaussian:149,gaussian,146.53431439520986,0.0956945791840553,13,11
stage28:B:380:gaussian:176,gaussian,58.282845099463856,0.1076216697692871,12,12
stage28:B:380:gaussian:188,gaussian,49.436410698815976,0.121257409453392,17,11
stage28:B:380:impulsive:097,impulsive,201.98726873376765,0.0886436179280281,13,11
stage28:B:380:baseline_drift:034,baseline_drift,35.35727471845475,0.0908089131116867,18,11
stage28:B:380:baseline_drift:041,baseline_drift,16.439509951223016,0.0640652477741241,12,10
stage28:B:380:baseline_drift:082,baseline_drift,44.11825645206168,0.1214778944849968,10,13
stage28:B:380:baseline_drift:094,baseline_drift,217.03466391520487,0.0633376687765121,11,10
stage28:B:380:baseline_drift:101,baseline_drift,355.4554691775904,0.0879270061850547,13,10
stage28:B:380:baseline_drift:106,baseline_drift,8.125203654276238,0.0565462559461593,11,11
stage28:B:380:baseline_drift:128,baseline_drift,13.059426440950835,0.0959565043449401,13,12
stage28:B:380:baseline_drift:157,baseline_drift,13.806030648799222,0.1073996722698211,13,10
stage28:B:380:mixed:059,mixed,280.8390528804332,0.0956031009554863,10,12
stage28:B:380:mixed:104,mixed,81.10689848529263,0.1163680925965309,12,11
stage28:B:380:mixed:116,mixed,664.9202190705402,0.0610092505812644,10,12
stage28:B:380:mixed:145,mixed,293.0475117244694,0.0950379818677902,11,12
stage28:B:380:mixed:150,mixed,52.04891860020312,0.091869942843914,13,13
stage28:B:380:mixed:153,mixed,95.27386461280278,0.0572217553853988,14,9
stage28:B:380:mixed:167,mixed,374.47401038091607,0.0837868377566337,9,10
stage28:B:380:mixed:169,mixed,452.81014351403945,0.0983694642782211,12,11
stage28:B:380:mixed:190,mixed,43.88111174376262,0.0610699653625488,9,10
stage28:B:520:gaussian:030,gaussian,425.14119504710095,0.1261293068528175,12,11
stage28:B:520:gaussian:053,gaussian,1678.3506154747963,0.0980245992541313,13,10
stage28:B:520:gaussian:090,gaussian,2036.6733931223887,0.0812647640705108,14,10
stage28:B:520:gaussian:116,gaussian,329.2368808534869,0.0774472877383232,16,10
stage28:B:520:gaussian:140,gaussian,2045.517670046627,0.0684292614459991,15,10
stage28:B:520:gaussian:142,gaussian,59.42166596334373,0.0628015622496604,12,10
stage28:B:520:gaussian:165,gaussian,834.376675453293,0.0746263712644577,13,12
stage28:B:520:gaussian:185,gaussian,29.82730503534653,0.0613174587488174,12,10
stage28:B:520:gaussian:196,gaussian,610.1562240890155,0.0695434659719467,12,10
stage28:B:520:impulsive:007,impulsive,2116.282723923732,0.0524267330765724,10,10
stage28:B:520:impulsive:012,impulsive,162.86597402566665,0.0810338929295539,12,10
stage28:B:520:impulsive:172,impulsive,38.90574854891919,0.0928221121430397,13,13
stage28:B:520:impulsive:195,impulsive,581.3480151721764,0.0606717988848686,10,10
stage28:B:520:baseline_drift:002,baseline_drift,187.31630779150984,0.0931906923651695,15,11
stage28:B:520:baseline_drift:008,baseline_drift,5.096382226906566,0.0863097682595253,14,11
stage28:B:520:baseline_drift:021,baseline_drift,5.948276235435441,0.0746560171246528,10,10
stage28:B:520:baseline_drift:027,baseline_drift,96.87950619702416,0.0676144734025001,10,13
stage28:B:520:baseline_drift:067,baseline_drift,23.363463263424357,0.0923219993710517,10,11
stage28:B:520:baseline_drift:069,baseline_drift,131.82580937847547,0.0789383575320243,15,10
stage28:B:520:baseline_drift:082,baseline_drift,11.254146616753458,0.0596865117549896,10,12
stage28:B:520:baseline_drift:102,baseline_drift,8.139682117158888,0.0686408877372741,10,13
stage28:B:520:baseline_drift:112,baseline_drift,42.42203514228808,0.0870081186294555,11,13
stage28:B:520:baseline_drift:127,baseline_drift,18.920695663535568,0.0581397712230682,19,11
stage28:B:520:baseline_drift:134,baseline_drift,120.17774180378557,0.1178253665566444,60,11
stage28:B:520:baseline_drift:146,baseline_drift,10.857872625494608,0.0666194260120391,10,11
stage28:B:520:baseline_drift:165,baseline_drift,16.363949574876525,0.1822767853736877,11,12
stage28:B:520:baseline_drift:179,baseline_drift,90.00463504491702,0.0757769495248794,12,11
stage28:B:520:baseline_drift:193,baseline_drift,33.21363693463711,0.072342112660408,12,11
stage28:B:520:mixed:010,mixed,22.58991854141959,0.0721098184585571,13,11
stage28:B:520:mixed:041,mixed,119.63000577053432,0.0717481598258018,14,10
stage28:B:520:mixed:070,mixed,83.34401249021278,0.0993549153208732,18,11
stage28:B:520:mixed:085,mixed,408.5255158605603,0.0581773966550827,11,9
stage28:B:520:mixed:089,mixed,50.18659839542305,0.0650651007890701,13,9
stage28:B:520:mixed:101,mixed,11.162480194099508,0.0577980503439903,8,10
stage28:B:520:mixed:104,mixed,295.221359528202,0.0598018243908882,11,10
stage28:B:520:mixed:105,mixed,108.15872344503198,0.065433882176876,16,9
stage28:B:520:mixed:110,mixed,27.964495554602625,0.0535431951284408,9,10
stage28:B:520:mixed:141,mixed,49.65342379151152,0.0609232112765312,11,10
stage28:B:520:mixed:149,mixed,623.733820562957,0.0748249962925911,14,10
stage28:B:520:mixed:156,mixed,24.69046445608893,0.0609040185809135,16,9
stage28:B:520:mixed:167,mixed,29.30861566731332,0.0685829743742942,13,10
stage28:B:520:mixed:178,mixed,107.35801927750072,0.1374064683914184,14,11
stage28:B:520:mixed:183,mixed,570.2512976888994,0.0549203902482986,10,10
stage28:B:520:mixed:195,mixed,7.708440726422357,0.0603873953223228,12,10
stage28:B:680:gaussian:016,gaussian,1263.2370683557704,0.0654902681708335,14,10
stage28:B:680:gaussian:019,gaussian,515.600779381483,0.0865548849105835,14,12
stage28:B:680:gaussian:043,gaussian,881.7321520995326,0.0740948542952537,17,9
stage28:B:680:gaussian:060,gaussian,1464.7056199088956,0.0660468861460685,14,10
stage28:B:680:gaussian:067,gaussian,2009.225343122868,0.145935520529747,38,16
stage28:B:680:gaussian:073,gaussian,309.69865582822933,0.0770021006464958,13,12
stage28:B:680:gaussian:083,gaussian,374.53362914980806,0.0721388608217239,14,10
stage28:B:680:gaussian:118,gaussian,4020.161157503932,0.0893239229917526,14,10
stage28:B:680:gaussian:126,gaussian,1818.4756685139969,0.0918863862752914,15,10
stage28:B:680:gaussian:178,gaussian,1488.2495791105086,0.0509286969900131,10,10
stage28:B:680:gaussian:180,gaussian,866.8825344279549,0.0676128640770912,13,11
stage28:B:680:impulsive:008,impulsive,775.412435154258,0.0612780004739761,8,10
stage28:B:680:impulsive:013,impulsive,3113.243933222641,0.0641544759273529,9,10
stage28:B:680:impulsive:020,impulsive,1862.4209301429785,0.0700955688953399,10,9
stage28:B:680:impulsive:023,impulsive,1364.295349610779,0.0735420882701873,10,11
stage28:B:680:impulsive:024,impulsive,4991.083329918348,0.0517308041453361,9,10
stage28:B:680:impulsive:025,impulsive,75.94023555488286,0.0464864745736122,8,10
stage28:B:680:impulsive:042,impulsive,3177.587712666023,0.0696169137954711,11,10
stage28:B:680:impulsive:046,impulsive,561.9268855792633,0.0829832702875137,10,10
stage28:B:680:impulsive:065,impulsive,286.16746266374633,0.0661149471998214,10,10
stage28:B:680:impulsive:072,impulsive,383.88109180694937,0.0540507361292839,8,10
stage28:B:680:impulsive:080,impulsive,4025.0604347926383,0.0615533143281936,12,10
stage28:B:680:impulsive:091,impulsive,1902.4759944845737,0.0611859709024429,10,10
stage28:B:680:impulsive:101,impulsive,724.1708872429775,0.0498688891530036,10,10
stage28:B:680:impulsive:116,impulsive,53.87441854568767,0.0653929039835929,13,10
stage28:B:680:impulsive:117,impulsive,3445.063449808222,0.0572281032800674,9,10
stage28:B:680:impulsive:119,impulsive,264.0562764906186,0.0678082033991813,10,10
stage28:B:680:impulsive:124,impulsive,8230.583430846165,0.0559302419424057,8,10
stage28:B:680:impulsive:130,impulsive,407.1887744137152,0.0854376554489135,10,10
stage28:B:680:impulsive:141,impulsive,1877.0280497814936,0.0809064805507659,14,11
stage28:B:680:impulsive:145,impulsive,4161.5913958466535,0.0597771108150482,10,10
stage28:B:680:impulsive:158,impulsive,456.5891979291388,0.0866371244192123,8,10
stage28:B:680:impulsive:176,impulsive,1357.5960348825745,0.0614197626709938,12,10
stage28:B:680:impulsive:190,impulsive,1429.3204266742523,0.0717806592583656,10,10
stage28:B:680:impulsive:196,impulsive,5141.951417219246,0.0538060739636421,9,10
stage28:B:680:impulsive:197,impulsive,342.0969027238346,0.0945439711213111,10,10
stage28:C:380:gaussian:001,gaussian,399.9223901277194,0.0485675036907196,11,9
stage28:C:380:gaussian:005,gaussian,60.88551789453023,0.0418172776699066,12,8
stage28:C:380:gaussian:010,gaussian,163.15296207868045,0.0414008721709251,12,8
stage28:C:380:gaussian:018,gaussian,55.53110309788392,0.0621949061751365,11,9
stage28:C:380:gaussian:021,gaussian,298.11759683003305,0.088155023753643,15,9
stage28:C:380:gaussian:028,gaussian,22.484092596722693,0.0380981042981147,11,8
stage28:C:380:gaussian:032,gaussian,62.66129689213752,0.0489504113793373,13,9
stage28:C:380:gaussian:045,gaussian,69.49911988671788,0.0453485772013664,14,8
stage28:C:380:gaussian:046,gaussian,83.31489002770006,0.0429370328783988,11,9
stage28:C:380:gaussian:061,gaussian,102.80382133923852,0.0729605332016944,14,8
stage28:C:380:gaussian:077,gaussian,435.2386525580452,0.0643853694200515,13,8
stage28:C:380:gaussian:081,gaussian,164.95668240984585,0.0494941473007202,15,8
stage28:C:380:gaussian:082,gaussian,685.1251994057502,0.0411852151155471,12,8
stage28:C:380:gaussian:086,gaussian,87.12339601010983,0.0414641946554183,11,9
stage28:C:380:gaussian:097,gaussian,171.34437852475872,0.0633071362972259,18,8
stage28:C:380:gaussian:101,gaussian,122.72175383145076,0.0760565996170044,13,9
stage28:C:380:gaussian:108,gaussian,43.4793657760741,0.0487729012966156,13,8
stage28:C:380:gaussian:109,gaussian,398.7819903370893,0.0475757420063018,13,8
stage28:C:380:gaussian:112,gaussian,172.7819255774075,0.047157272696495,12,9
stage28:C:380:gaussian:113,gaussian,30.131029715244527,0.17137011885643,34,12
stage28:C:380:gaussian:143,gaussian,59.56034135312469,0.0560284480452537,17,8
stage28:C:380:gaussian:144,gaussian,41.83346219598658,0.0456681698560714,13,8
stage28:C:380:gaussian:156,gaussian,131.55994918052096,0.0590568929910659,10,9
stage28:C:380:gaussian:160,gaussian,744.8397790846797,0.052338920533657,16,8
stage28:C:380:gaussian:161,gaussian,255.77710859923917,0.0513253137469291,12,9
stage28:C:380:gaussian:166,gaussian,1016.4614259935104,0.0703337416052818,13,9
stage28:C:380:gaussian:170,gaussian,657.9406964808564,0.0482635200023651,13,9
stage28:C:380:gaussian:182,gaussian,459.88211248138265,0.0927702113986015,19,9
stage28:C:380:gaussian:194,gaussian,85.37983940722508,0.0393462926149368,11,8
stage28:C:380:impulsive:024,impulsive,711.9983205775221,0.0551840811967849,16,8
stage28:C:380:impulsive:030,impulsive,114.71860276678294,0.0477868765592575,15,8
stage28:C:380:impulsive:103,impulsive,83.80967928241458,0.0622356981039047,12,8
stage28:C:380:impulsive:122,impulsive,74.58072081242393,0.0410182401537895,11,8
stage28:C:380:impulsive:126,impulsive,387.7400850265429,0.0593694522976875,22,8
stage28:C:380:baseline_drift:005,baseline_drift,37.89425614228482,0.0384802967309951,12,8
stage28:C:380:baseline_drift:006,baseline_drift,55.68657515847834,0.0407487973570823,14,7
stage28:C:380:baseline_drift:009,baseline_drift,11.937837826770318,0.0419838801026344,11,8
stage28:C:380:baseline_drift:013,baseline_drift,103.99343442426132,0.0354963690042495,11,7
stage28:C:380:baseline_drift:031,baseline_drift,49.275271604814,0.0635457634925842,13,7
stage28:C:380:baseline_drift:039,baseline_drift,64.57702236825958,0.0489501729607582,14,9
stage28:C:380:baseline_drift:046,baseline_drift,69.4661377814839,0.0684863179922103,12,8
stage28:C:380:baseline_drift:052,baseline_drift,74.42453121925004,0.0383670628070831,11,8
stage28:C:380:baseline_drift:054,baseline_drift,172.51956483450266,0.0448891520500183,12,9
stage28:C:380:baseline_drift:085,baseline_drift,52.73463355154341,0.0483097210526466,13,9
stage28:C:380:baseline_drift:088,baseline_drift,330.40377684876904,0.0783074423670768,17,8
stage28:C:380:baseline_drift:096,baseline_drift,150.8723695745033,0.0434175357222557,13,8
stage28:C:380:baseline_drift:100,baseline_drift,38.992763964957085,0.0417626202106475,12,8
stage28:C:380:baseline_drift:101,baseline_drift,11.862588973754525,0.0455294102430343,12,9
stage28:C:380:baseline_drift:104,baseline_drift,46.82999036666069,0.0435476601123809,13,8
stage28:C:380:baseline_drift:124,baseline_drift,69.03811412852434,0.0522138848900795,14,9
stage28:C:380:baseline_drift:139,baseline_drift,166.63827390922117,0.0724185779690742,14,9
stage28:C:380:baseline_drift:142,baseline_drift,43.92545270101434,0.0467349886894226,12,9
stage28:C:380:baseline_drift:166,baseline_drift,27.36127666035369,0.0452867001295089,15,7
stage28:C:380:baseline_drift:186,baseline_drift,109.24178399290832,0.0421759411692619,13,8
stage28:C:380:baseline_drift:197,baseline_drift,6.3723398518086345,0.0445889756083488,12,9
stage28:C:380:mixed:014,mixed,273.4055005124766,0.0342000648379325,9,8
stage28:C:380:mixed:048,mixed,68.43951521643268,0.0564505234360694,16,9
stage28:C:380:mixed:050,mixed,240.23135171275408,0.0471477881073951,14,8
stage28:C:380:mixed:053,mixed,774.173780542398,0.0371887609362602,11,8
stage28:C:380:mixed:058,mixed,343.9675811761573,0.0456243678927421,13,8
stage28:C:380:mixed:059,mixed,87.33824397857292,0.0363266617059707,9,9
stage28:C:380:mixed:077,mixed,30.55643234251784,0.059363305568695,12,8
stage28:C:380:mixed:083,mixed,395.2724342572404,0.0370743498206138,11,8
stage28:C:380:mixed:085,mixed,208.72649572814484,0.0450274124741554,12,9
stage28:C:380:mixed:104,mixed,112.2503700018514,0.0414096787571907,11,8
stage28:C:380:mixed:117,mixed,47.902150512340576,0.0492797195911407,10,7
stage28:C:380:mixed:120,mixed,139.0594311936847,0.0520430877804756,10,8
stage28:C:380:mixed:133,mixed,179.20805312857576,0.0502248555421829,13,9
stage28:C:380:mixed:146,mixed,260.3955906142337,0.0460754930973053,13,8
stage28:C:380:mixed:176,mixed,289.25593757685687,0.0437891632318496,11,9
stage28:C:380:mixed:180,mixed,90.80557987549156,0.0358643680810928,10,8
stage28:C:380:mixed:181,mixed,48.25481045553232,0.048448123037815,11,8
stage28:C:380:mixed:184,mixed,119.57511336282424,0.0385475233197212,10,9
stage28:C:380:mixed:188,mixed,105.14571662421724,0.0407164618372917,11,8
stage28:C:380:mixed:198,mixed,359.2991893603845,0.036808080971241,10,8
stage28:C:520:gaussian:001,gaussian,684.0130889297157,0.045164443552494,13,8
stage28:C:520:gaussian:004,gaussian,179.46847063180314,0.0570708662271499,18,8
stage28:C:520:gaussian:031,gaussian,394.9824433506917,0.045741930603981,14,8
stage28:C:520:gaussian:066,gaussian,111.82442750069632,0.0645563825964927,23,8
stage28:C:520:gaussian:074,gaussian,2691.441524703775,0.0454465374350547,14,8
stage28:C:520:gaussian:081,gaussian,783.758557915435,0.0592829883098602,14,7
stage28:C:520:gaussian:096,gaussian,683.4659729159829,0.0407936945557594,12,8
stage28:C:520:gaussian:098,gaussian,132.04495572324822,0.0391690805554389,11,8
stage28:C:520:gaussian:103,gaussian,745.5096189684168,0.046550415456295,14,8
stage28:C:520:gaussian:116,gaussian,918.3183011783822,0.0637134313583374,19,8
stage28:C:520:gaussian:129,gaussian,1515.5713579099956,0.0538663789629936,11,8
stage28:C:520:gaussian:130,gaussian,408.65113897338085,0.0844273120164871,23,9
stage28:C:520:gaussian:132,gaussian,2217.5359177495725,0.0713919699192047,15,8
stage28:C:520:gaussian:137,gaussian,86.84500603548715,0.0437751188874244,15,7
stage28:C:520:gaussian:153,gaussian,1130.5399101626622,0.0359743759036064,12,7
stage28:C:520:gaussian:160,gaussian,142.48206861074414,0.0536670908331871,14,8
stage28:C:520:gaussian:166,gaussian,562.7708859613545,0.0438940674066543,13,8
stage28:C:520:gaussian:185,gaussian,114.48581564782336,0.0433853566646575,13,8
stage28:C:520:gaussian:186,gaussian,259.6569923985495,0.062171883881092,19,8
stage28:C:520:gaussian:188,gaussian,53.514252256072254,0.0743871182203292,16,8
stage28:C:520:gaussian:189,gaussian,520.0846012994012,0.0375148877501487,12,7
stage28:C:520:gaussian:198,gaussian,771.1294377147843,0.0459339767694473,13,7
stage28:C:520:baseline_drift:003,baseline_drift,73.37652607920907,0.0364559963345527,11,7
stage28:C:520:baseline_drift:006,baseline_drift,21.519092767153147,0.0308781713247299,9,7
stage28:C:520:baseline_drift:008,baseline_drift,28.667331851195566,0.0296987444162368,8,8
stage28:C:520:baseline_drift:027,baseline_drift,6.279372555205829,0.04267568141222,12,8
stage28:C:520:baseline_drift:029,baseline_drift,13.529510312503769,0.030276171863079,8,8
stage28:C:520:baseline_drift:030,baseline_drift,113.16736299469814,0.0295667275786399,10,6
stage28:C:520:baseline_drift:033,baseline_drift,83.94659800951018,0.0520386397838592,10,8
stage28:C:520:baseline_drift:036,baseline_drift,13.576167321849317,0.0303052589297294,8,8
stage28:C:520:baseline_drift:042,baseline_drift,29.3158272611079,0.041548304259777,13,7
stage28:C:520:baseline_drift:046,baseline_drift,7.490042240510359,0.0333501994609832,11,7
stage28:C:520:baseline_drift:049,baseline_drift,419.2794483484943,0.0325291231274604,10,7
stage28:C:520:baseline_drift:059,baseline_drift,387.6451811195436,0.0291049629449844,8,7
stage28:C:520:baseline_drift:060,baseline_drift,237.31470169149503,0.0355798006057739,10,8
stage28:C:520:baseline_drift:062,baseline_drift,89.3810360436215,0.0615409091114997,12,8
stage28:C:520:baseline_drift:067,baseline_drift,40.30191784654654,0.0298147425055503,9,7
stage28:C:520:baseline_drift:071,baseline_drift,52.08289098045805,0.0325476229190826,10,7
stage28:C:520:baseline_drift:077,baseline_drift,3.5787674674127232,0.0407091081142425,12,8
stage28:C:520:baseline_drift:079,baseline_drift,5.400745353125062,0.0304816588759422,8,8
stage28:C:520:baseline_drift:085,baseline_drift,138.83239849634165,0.03516286611557,10,8
stage28:C:520:baseline_drift:086,baseline_drift,330.4968137240362,0.0506836324930191,11,7
stage28:C:520:baseline_drift:088,baseline_drift,75.48656043754212,0.0382297933101654,11,8
stage28:C:520:baseline_drift:091,baseline_drift,5.652943258920605,0.0355082973837852,10,8
stage28:C:520:baseline_drift:095,baseline_drift,19.96441374446433,0.0404546558856964,13,7
stage28:C:520:baseline_drift:096,baseline_drift,100.71646015350412,0.0335230678319931,9,8
stage28:C:520:baseline_drift:097,baseline_drift,4.182227249731824,0.0365245342254638,10,8
stage28:C:520:baseline_drift:098,baseline_drift,28.352284729731306,0.0341412052512168,10,7
stage28:C:520:baseline_drift:107,baseline_drift,36.60186145017433,0.0329079553484916,9,8
stage28:C:520:baseline_drift:115,baseline_drift,6.423134346816637,0.0448506847023963,14,8
stage28:C:520:baseline_drift:117,baseline_drift,36.38009830549774,0.0336572304368019,9,8
stage28:C:520:baseline_drift:123,baseline_drift,48.44801571282915,0.0795980840921402,13,8
stage28:C:520:baseline_drift:130,baseline_drift,16.53926963746514,0.0309444889426231,8,8
stage28:C:520:baseline_drift:131,baseline_drift,307.39998494910554,0.0359514057636261,10,8
stage28:C:520:baseline_drift:133,baseline_drift,24.30705683527083,0.0470350459218025,10,8
stage28:C:520:baseline_drift:137,baseline_drift,205.6525803995881,0.0387848690152168,8,8
stage28:C:520:baseline_drift:143,baseline_drift,312.3362920770388,0.0455781444907188,13,8
stage28:C:520:baseline_drift:144,baseline_drift,130.11204824514442,0.0320328474044799,10,7
stage28:C:520:baseline_drift:145,baseline_drift,7.619164925431634,0.0451961383223533,8,8
stage28:C:520:baseline_drift:148,baseline_drift,5.527072421818017,0.0324852019548416,9,8
stage28:C:520:baseline_drift:152,baseline_drift,252.30680311365185,0.0324520245194435,9,8
stage28:C:520:baseline_drift:156,baseline_drift,13.830287941462576,0.0489022955298423,9,8
stage28:C:520:baseline_drift:158,baseline_drift,10.608334701035794,0.0359399914741516,10,8
stage28:C:520:baseline_drift:182,baseline_drift,111.69649073586508,0.032542310655117,9,7
stage28:C:520:baseline_drift:183,baseline_drift,227.27784636154212,0.0380972325801849,10,8
stage28:C:520:baseline_drift:185,baseline_drift,88.43575491427788,0.0390233397483825,11,8
stage28:C:520:baseline_drift:187,baseline_drift,11.366020029364872,0.036701314151287,10,8
stage28:C:520:baseline_drift:188,baseline_drift,3.7886108040741537,0.0323064252734184,9,8
stage28:C:520:baseline_drift:189,baseline_drift,185.889820384484,0.0344907343387603,11,7
stage28:C:520:baseline_drift:190,baseline_drift,26.09235606802339,0.0317837297916412,10,7
stage28:C:520:baseline_drift:194,baseline_drift,32.29784830947413,0.0369631499052047,10,8
stage28:C:520:baseline_drift:199,baseline_drift,6.9996493194755285,0.0423664599657058,14,7
stage28:C:520:mixed:008,mixed,726.7896641827591,0.0468120425939559,10,7
stage28:C:520:mixed:010,mixed,371.5025973813035,0.0395316705107688,11,8
stage28:C:520:mixed:015,mixed,19.162272310235416,0.0342711955308914,9,8
stage28:C:520:mixed:023,mixed,24.26804032582844,0.052406296133995,11,7
stage28:C:520:mixed:024,mixed,156.8181539657554,0.0455447435379028,13,8
stage28:C:520:mixed:025,mixed,333.19865544098536,0.0338745936751365,9,8
stage28:C:520:mixed:029,mixed,52.88601610557229,0.0439122095704078,12,8
stage28:C:520:mixed:040,mixed,294.6074251742004,0.0367177054286003,10,8
stage28:C:520:mixed:054,mixed,80.23295186496978,0.0533376559615135,12,8
stage28:C:520:mixed:066,mixed,34.807294654615575,0.0426143556833267,10,8
stage28:C:520:mixed:067,mixed,1584.988268339083,0.0518248081207275,11,7
stage28:C:520:mixed:075,mixed,34.585402698792485,0.0358629897236824,10,8
stage28:C:520:mixed:076,mixed,51.81253622106979,0.0331498607993125,9,8
stage28:C:520:mixed:078,mixed,430.0768895866444,0.0355641841888427,10,8
stage28:C:520:mixed:093,mixed,708.7598723944986,0.0815590918064117,22,8
stage28:C:520:mixed:100,mixed,631.7632567031931,0.0407625883817672,10,8
stage28:C:520:mixed:102,mixed,961.880491904042,0.039914034307003,11,8
stage28:C:520:mixed:103,mixed,35.48276437435687,0.0460923686623573,8,8
stage28:C:520:mixed:107,mixed,25.17635833822483,0.0359455123543739,10,8
stage28:C:520:mixed:120,mixed,275.7784648407059,0.0353492051362991,11,7
stage28:C:520:mixed:125,mixed,8.732716750232209,0.0508197471499443,11,7
stage28:C:520:mixed:137,mixed,82.9546883114693,0.0379115343093872,10,8
stage28:C:520:mixed:139,mixed,26.93431317625275,0.0538613349199295,10,8
stage28:C:520:mixed:150,mixed,12.605577726757822,0.0423669666051864,8,7
stage28:C:520:mixed:159,mixed,348.42180792877315,0.0376495942473411,11,8
stage28:C:520:mixed:161,mixed,29.06800638675931,0.0393148958683013,11,8
stage28:C:520:mixed:164,mixed,326.0915686172683,0.0632821097970008,13,8
stage28:C:520:mixed:172,mixed,34.283310424601474,0.0379814431071281,10,8
stage28:C:520:mixed:176,mixed,101.84235283452104,0.0406089127063751,7,8
stage28:C:520:mixed:181,mixed,9.446792511843285,0.0409890785813331,10,8
stage28:C:520:mixed:189,mixed,289.70486855465526,0.0432136207818985,10,8
stage28:C:520:mixed:193,mixed,145.68976520711792,0.0571581795811653,11,8
stage28:C:520:mixed:197,mixed,19.876235153617905,0.0401673167943954,9,8
stage28:C:520:mixed:199,mixed,134.17703151330727,0.0399822667241096,10,8
stage28:C:680:gaussian:032,gaussian,1813.4453886920255,0.0556673929095268,17,8
stage28:C:680:gaussian:086,gaussian,111.68239965018876,0.054882064461708,18,7
stage28:C:680:gaussian:088,gaussian,1284.3199022517822,0.0621375814080238,12,8
stage28:C:680:gaussian:108,gaussian,188.19332513731595,0.0549768283963203,17,8
stage28:C:680:gaussian:109,gaussian,1135.3581160307251,0.0423834845423698,14,7
stage28:C:680:gaussian:120,gaussian,390.3689717438716,0.0381329730153083,11,8
stage28:C:680:gaussian:123,gaussian,403.421683322972,0.0468166396021842,14,8
stage28:C:680:gaussian:125,gaussian,2880.9290075444187,0.0419676378369331,12,8
stage28:C:680:gaussian:136,gaussian,542.2531413307636,0.0403527468442916,13,7
stage28:C:680:gaussian:150,gaussian,128.44704295133926,0.0456846132874488,14,8
stage28:C:680:gaussian:156,gaussian,9156.040693419129,0.0513791739940643,16,8
stage28:C:680:gaussian:161,gaussian,2068.9368170323605,0.0627416297793388,22,7
stage28:C:680:gaussian:171,gaussian,1966.8169431951296,0.0480050668120384,14,8
stage28:C:680:baseline_drift:003,baseline_drift,42.00994251600906,0.0317838564515113,9,8
stage28:C:680:baseline_drift:013,baseline_drift,222.2683454333417,0.0338719189167022,9,8
stage28:C:680:baseline_drift:016,baseline_drift,5.390363956524514,0.0242079496383667,6,8
stage28:C:680:baseline_drift:021,baseline_drift,40.70541064669744,0.036086082458496,10,8
stage28:C:680:baseline_drift:025,baseline_drift,6.362338790579095,0.0247281864285469,6,8
stage28:C:680:baseline_drift:031,baseline_drift,185.4163808583636,0.0281024649739265,7,8
stage28:C:680:baseline_drift:033,baseline_drift,2.937047212249481,0.0271001979708671,7,8
stage28:C:680:baseline_drift:045,baseline_drift,26.42382190661437,0.0321117490530014,8,8
stage28:C:680:baseline_drift:047,baseline_drift,23.21231276953124,0.0402870997786521,7,8
stage28:C:680:baseline_drift:049,baseline_drift,201.55873222833677,0.0371988713741302,10,8
stage28:C:680:baseline_drift:061,baseline_drift,89.70194668858356,0.0303964391350746,9,7
stage28:C:680:baseline_drift:069,baseline_drift,44.95434714957653,0.0323876142501831,8,8
stage28:C:680:baseline_drift:070,baseline_drift,215.425020574026,0.0327545702457428,9,8
stage28:C:680:baseline_drift:074,baseline_drift,253.33823817372803,0.0423546582460403,12,8
stage28:C:680:baseline_drift:082,baseline_drift,20.76106014736762,0.0366500169038772,8,8
stage28:C:680:baseline_drift:092,baseline_drift,36.29232912412423,0.0287962332367897,7,8
stage28:C:680:baseline_drift:097,baseline_drift,12.246087515411183,0.0247991979122161,6,8
stage28:C:680:baseline_drift:109,baseline_drift,25.14736154583603,0.0274484008550643,7,8
stage28:C:680:baseline_drift:118,baseline_drift,22.852017562679126,0.0283723026514053,7,8
stage28:C:680:baseline_drift:127,baseline_drift,3.362962367456701,0.0291530564427375,7,8
stage28:C:680:baseline_drift:129,baseline_drift,38.89114652806672,0.0277064666152,7,8
stage28:C:680:baseline_drift:144,baseline_drift,2.8169340532258795,0.0305667221546173,9,7
stage28:C:680:baseline_drift:154,baseline_drift,38.21328882664926,0.0305520817637443,8,8
stage28:C:680:baseline_drift:157,baseline_drift,54.40126232869431,0.0286509320139884,7,8
stage28:C:680:baseline_drift:165,baseline_drift,28.79380741547736,0.0313680619001388,6,8
stage28:C:680:baseline_drift:172,baseline_drift,27.97309585445971,0.0263973399996757,6,8
stage28:C:680:baseline_drift:175,baseline_drift,33.89238724340905,0.03097515553236,8,8
stage28:C:680:baseline_drift:179,baseline_drift,6.390767390070818,0.0266411751508712,7,8
stage28:C:680:baseline_drift:180,baseline_drift,6.447493565438165,0.0366513654589653,6,8
stage28:C:680:baseline_drift:191,baseline_drift,4.744340006378669,0.0410210564732551,7,8
stage28:C:680:baseline_drift:193,baseline_drift,4.94093096240909,0.0310131758451461,8,8
stage28:C:680:baseline_drift:195,baseline_drift,25.61588854212578,0.0254439264535903,6,8
stage28:C:680:mixed:028,mixed,21.387305082460998,0.0349999368190765,10,8
stage28:C:680:mixed:031,mixed,20.943739148047964,0.0300958603620529,8,8
stage28:C:680:mixed:033,mixed,351.59664048985456,0.0381187871098518,10,8
stage28:C:680:mixed:036,mixed,93.54022081595012,0.0317328125238418,8,8
stage28:C:680:mixed:037,mixed,226.2571681869637,0.0535947158932685,10,8
stage28:C:680:mixed:042,mixed,31.41098609547828,0.0273844003677368,7,8
stage28:C:680:mixed:048,mixed,60.56585304686389,0.0269577950239181,8,7
stage28:C:680:mixed:052,mixed,134.96735808340338,0.0298525169491767,8,8
stage28:C:680:mixed:055,mixed,31.42311715686476,0.0340512618422508,9,8
stage28:C:680:mixed:056,mixed,9.504455464329,0.0301025658845901,8,8
stage28:C:680:mixed:057,mixed,64.84355631135513,0.0496162846684455,9,8
stage28:C:680:mixed:068,mixed,16.351081538693897,0.0370851159095764,10,8
stage28:C:680:mixed:070,mixed,705.6908484540536,0.0798818543553352,26,8
stage28:C:680:mixed:082,mixed,14.311748180459462,0.0386203154921531,8,8
stage28:C:680:mixed:096,mixed,15.194523619930074,0.0362933129072189,8,8
stage28:C:680:mixed:101,mixed,24.396122450142897,0.0380062758922576,6,8
stage28:C:680:mixed:102,mixed,178.4644790666895,0.0295733958482742,8,8
stage28:C:680:mixed:107,mixed,207.49067005629064,0.0334520190954208,9,8
stage28:C:680:mixed:110,mixed,36.27757409089609,0.0381575599312782,11,8
stage28:C:680:mixed:125,mixed,15.263944280569673,0.0421803668141365,12,8
stage28:C:680:mixed:132,mixed,29.239708969996503,0.0357334092259407,10,8
stage28:C:680:mixed:145,mixed,34.91709114923758,0.0362915769219398,10,8
stage28:C:680:mixed:146,mixed,686.6473797891138,0.0373315587639808,10,8
stage28:C:680:mixed:149,mixed,165.98964079516787,0.0518980994820594,10,8
stage28:C:680:mixed:150,mixed,267.1628751840082,0.0325018316507339,9,8
stage28:C:680:mixed:152,mixed,14.469444329023624,0.0457157865166664,11,8
stage28:C:680:mixed:155,mixed,192.1361901877457,0.0336270034313201,9,8
stage28:C:680:mixed:157,mixed,16.457346919277583,0.0312001630663871,9,7
stage28:C:680:mixed:171,mixed,78.06702164131433,0.0502596497535705,9,8
stage28:C:680:mixed:186,mixed,16.724345413652824,0.0407215654850006,9,8
stage28:C:680:mixed:187,mixed,65.33484374479114,0.0334125906229019,9,8
stage28:C:680:mixed:191,mixed,211.6523635309806,0.0367257893085479,10,8
stage28:C:680:mixed:198,mixed,120.65785391855806,0.0301489904522895,8,8
