panel,observation_id,wavelength_nm,clean_reflectance,observed_reflectance,gaussian_noise,baseline_component,is_outlier_index
impulsive,stage28:A:520:impulsive:188,420.0,0.030906094330878722,0.031126669689398864,0.00021583343384913567,-0.0,0
impulsive,stage28:A:520:impulsive:188,421.0,0.030675276465073037,0.030725828178392648,4.584520305330483e-05,-0.0,0
impulsive,stage28:A:520:impulsive:188,422.0,0.030413760379119886,0.02984643162578629,-0.0005719951391646825,-0.0,0
impulsive,stage28:A:520:impulsive:188,423.0,0.03017093891968943,0.02988264697820586,-0.0002929210711975716,-0.0,0
impulsive,stage28:A:520:impulsive:188,424.0,0.029948007228466817,0.029937068492936567,-1.553366081597982e-05,-0.0,0
impulsive,stage28:A:520:impulsive:188,425.0,0.029745317680969788,0.030008521225613604,0.0002586397180325274,-0.0,0
impulsive,stage28:A:520:impulsive:188,426.0,0.029563150232845538,0.029608891508735555,4.120539924572092e-05,-0.0,0
impulsive,stage28:A:520:impulsive:188,427.0,0.029401713750851093,0.029305111117842227,-0.00010111374044005137,-0.0,0
impulsive,stage28:A:520:impulsive:188,428.0,0.029261147557016476,0.028935221573229745,-0.00033041552413489236,-0.0,0
impulsive,stage28:A:520:impulsive:188,429.0,0.029141523170957306,0.028942569615570492,-0.00020342474175529148,-0.0,0
impulsive,stage28:A:520:impulsive:188,430.0,0.029042846234991405,0.0289154445103026,-0.00013185777104663977,-0.0,0
impulsive,stage28:A:520:impulsive:188,431.0,0.028965058606492847,0.04026829960604188,-0.0007636589748832832,-0.0,1
impulsive,stage28:A:520:impulsive:188,432.0,0.028908040601789448,0.01693275419458426,-0.00018870727350540377,-0.0,1
impulsive,stage28:A:520:impulsive:188,433.0,0.028871613375872414,0.028942177713260672,6.613456330250443e-05,-0.0,0
impulsive,stage28:A:520:impulsive:188,434.0,0.028855541422237438,0.028559218951766795,-0.0003007497786351903,-0.0,0
impulsive,stage28:A:520:impulsive:188,435.0,0.028859535177313288,0.027818404109367544,-0.0010455589888724692,-0.0,0
impulsive,stage28:A:520:impulsive:188,436.0,0.028883253714151208,0.028530981142155996,-0.0003567041320590541,-0.0,0
impulsive,stage28:A:520:impulsive:188,437.0,0.028926307510342246,0.029242952622251538,0.0003122069460978511,-0.0,0
impulsive,stage28:A:520:impulsive:188,438.0,0.02898826127549485,0.029263533397749862,0.00027082445087213826,-0.0,0
impulsive,stage28:A:520:impulsive:188,439.0,0.029068636824037146,0.02878010102365027,-0.00029299580379696567,-0.0,0
impulsive,stage28:A:520:impulsive:188,440.0,0.029166915979598876,0.028807735538641334,-0.0003636555233467969,-0.0,0
impulsive,stage28:A:520:impulsive:188,441.0,0.029282543497773508,0.02945593177246829,0.0001688954515656162,-0.0,0
impulsive,stage28:A:520:impulsive:188,442.0,0.02941492999465245,0.029453993663960832,3.4550534107788134e-05,-0.0,0
impulsive,stage28:A:520:impulsive:188,443.0,0.029563454869156736,0.029618723719732,5.073292719059207e-05,-0.0,0
impulsive,stage28:A:520:impulsive:188,444.0,0.02972746920785809,0.029985925694316136,0.0002538953983394983,-0.0,0
impulsive,stage28:A:520:impulsive:188,445.0,0.029906298661675622,0.030805743698619246,0.0008948565110068293,-0.0,0
impulsive,stage28:A:520:impulsive:188,446.0,0.03009924628454992,0.029610442819060924,-0.0004934215953959142,-0.0,0
impulsive,stage28:A:520:impulsive:188,447.0,0.03030559532492626,0.030042178256606232,-0.0002680668583776909,-0.0,0
impulsive,stage28:A:520:impulsive:188,448.0,0.030524611961618212,0.030734090725918047,0.00020479537050105794,-0.0,0
impulsive,stage28:A:520:impulsive:188,449.0,0.030755547976364987,0.030641906313517236,-0.00011836048917882996,-0.0,0
impulsive,stage28:A:520:impulsive:188,450.0,0.030997643356135758,0.030332320510476032,-0.0006700788167054315,-0.0,0
impulsive,stage28:A:520:impulsive:188,451.0,0.031250128818967375,0.031369426860552885,0.00011450333167385423,-0.0,0
impulsive,stage28:A:520:impulsive:188,452.0,0.03151222825784247,0.020391848908425533,0.0003292736877763589,-0.0,1
impulsive,stage28:A:520:impulsive:188,453.0,0.031783161097820936,0.031708139111540454,-7.989847937983117e-05,-0.0,0
impulsive,stage28:A:520:impulsive:188,454.0,0.03206214456232194,0.03199976846055762,-6.729539932025835e-05,-0.0,0
impulsive,stage28:A:520:impulsive:188,455.0,0.03234839584511722,0.032158437799630075,-0.0001949212626016498,-0.0,0
impulsive,stage28:A:520:impulsive:188,456.0,0.03264113418523171,0.03177204640377328,-0.0008740959134412484,-0.0,0
impulsive,stage28:A:520:impulsive:188,457.0,0.03293958284255678,0.03314445944791302,0.00019982268237064485,-0.0,0
impulsive,stage28:A:520:impulsive:188,458.0,0.03324297097255837,0.03278327070565697,-0.00046480073875348283,-0.0,0
impulsive,stage28:A:520:impulsive:188,459.0,0.033550535399008284,0.03354403237399313,-1.1650686503233726e-05,-0.0,0
impulsive,stage28:A:520:impulsive:188,460.0,0.03386152228418013,0.033698157658254776,-0.00016856000215756338,-0.0,0
impulsive,stage28:A:520:impulsive:188,461.0,0.03417518869642872,0.018741806713112798,-0.0007906413455545829,-0.0,1
impulsive,stage28:A:520:impulsive:188,462.0,0.034490804075517315,0.03491374295826611,0.00041764695575803563,-0.0,0
impulsive,stage28:A:520:impulsive:188,463.0,0.03480765159646538,0.034420258428190874,-0.00039273370920724315,-0.0,0
impulsive,stage28:A:520:impulsive:188,464.0,0.03512502943306468,0.03477886882801983,-0.0003515498412859442,-0.0,0
impulsive,stage28:A:520:impulsive:188,465.0,0.03544225192255138,0.03515188938120849,-0.0002958004490574051,-0.0,0
impulsive,stage28:A:520:impulsive:188,466.0,0.035758650633230006,0.03560009229033371,-0.0001640447956917973,-0.0,0
impulsive,stage28:A:520:impulsive:188,467.0,0.036073575337117136,0.0364795827687514,0.00040047265991477796,-0.0,0
impulsive,stage28:A:520:impulsive:188,468.0,0.03638639488991667,0.03631598228156776,-7.599537599888999e-05,-0.0,0
impulsive,stage28:A:520:impulsive:188,469.0,0.036696498020848664,0.03664877554966813,-5.3352817980147206e-05,-0.0,0
impulsive,stage28:A:520:impulsive:188,470.0,0.03700329403503656,0.03709492183776231,8.595038418768511e-05,-0.0,0
impulsive,stage28:A:520:impulsive:188,471.0,0.03730621343131165,0.0380759971595701,0.0007640598327717584,-0.0,0
impulsive,stage28:A:520:impulsive:188,472.0,0.03760470843842069,0.03722630021214325,-0.00038417791987835305,-0.0,0
impulsive,stage28:A:520:impulsive:188,473.0,0.03789825347272603,0.03730402605996223,-0.0006000421450041959,-0.0,0
impulsive,stage28:A:520:impulsive:188,474.0,0.03818634552056605,0.03815303942517001,-3.916502962373368e-05,-0.0,0
impulsive,stage28:A:520:impulsive:188,475.0,0.03846850444850166,0.038451328048738916,-2.307862565865305e-05,-0.0,0
impulsive,stage28:A:520:impulsive:188,476.0,0.03874427324471193,0.03857672428585772,-0.0001734934959798824,-0.0,0
impulsive,stage28:A:520:impulsive:188,477.0,0.039013218194820065,0.038805408410285076,-0.0002137955859071295,-0.0,0
impulsive,stage28:A:520:impulsive:188,478.0,0.03927492899543343,0.03964764878223669,0.0003666938311208143,-0.0,0
impulsive,stage28:A:520:impulsive:188,479.0,0.03952901880866698,0.0404464355289477,0.0009113517795767039,-0.0,0
impulsive,stage28:A:520:impulsive:188,480.0,0.039775124260892275,0.039651649213146456,-0.00012957774843021374,-0.0,0
impulsive,stage28:A:520:impulsive:188,481.0,0.04001290538891407,0.03911058580059371,-0.0009084587717833642,-0.0,0
impulsive,stage28:A:520:impulsive:188,482.0,0.04024204553672488,0.04016980992299762,-7.840995418255738e-05,-0.0,0
impulsive,stage28:A:520:impulsive:188,483.0,0.040462251205927946,0.04023130477804523,-0.00023715455451249695,-0.0,0
impulsive,stage28:A:520:impulsive:188,484.0,0.04067325186284884,0.03993203468362399,-0.0007474576797032835,-0.0,0
impulsive,stage28:A:520:impulsive:188,485.0,0.04087479970527985,0.04110306073659956,0.00022198960733874388,-0.0,0
impulsive,stage28:A:520:impulsive:188,486.0,0.04106666939171871,0.041184843284614914,0.00011187303033298236,-0.0,0
impulsive,stage28:A:520:impulsive:188,487.0,0.04124865773587496,0.04150829328338741,0.00025330676246218146,-0.0,0
impulsive,stage28:A:520:impulsive:188,488.0,0.041420583369126046,0.04122189258647129,-0.00020504594626949977,-0.0,0
impulsive,stage28:A:520:impulsive:188,489.0,0.04158228637350981,0.04144885425253615,-0.00013981209469406006,-0.0,0
impulsive,stage28:A:520:impulsive:188,490.0,0.041733627887743055,0.04184090083397745,0.00010086975217264317,-0.0,0
impulsive,stage28:A:520:impulsive:188,491.0,0.041874489688656445,0.04160937455680775,-0.0002715399383484973,-0.0,0
impulsive,stage28:A:520:impulsive:188,492.0,0.04200477375033673,0.04136963438125506,-0.0006415841650760908,-0.0,0
impulsive,stage28:A:520:impulsive:188,493.0,0.042124401783167155,0.042898775530163774,0.0007679105964629907,-0.0,0
impulsive,stage28:A:520:impulsive:188,494.0,0.042233314754856394,0.04227421070202155,3.44160861050532e-05,-0.0,0
impulsive,stage28:A:520:impulsive:188,495.0,0.04233147239544889,0.04191989779201877,-0.000418069524825333,-0.0,0
impulsive,stage28:A:520:impulsive:188,496.0,0.04241885268820994,0.042886250426932795,0.00046088941056192243,-0.0,0
impulsive,stage28:A:520:impulsive:188,497.0,0.04249545134818426,0.04282490168773001,0.00032293025884592947,-0.0,0
impulsive,stage28:A:520:impulsive:188,498.0,0.04256128129013183,0.04258625079682684,1.8439325701630004e-05,-0.0,0
impulsive,stage28:A:520:impulsive:188,499.0,0.04261637208745301,0.04268151417333718,5.8603452305089014e-05,-0.0,0
impulsive,stage28:A:520:impulsive:188,500.0,0.042660769423625636,0.04299534265278991,0.0003280277836981455,-0.0,0
impulsive,stage28:A:520:impulsive:188,501.0,0.0426945345375902,0.042840353298445766,0.0001392681348051344,-0.0,0
impulsive,stage28:A:520:impulsive:188,502.0,0.042717743664434454,0.04295156461248446,0.00022726676102127784,-0.0,0
impulsive,stage28:A:520:impulsive:188,503.0,0.042730487472649084,0.04336020112556679,0.000623157510605407,-0.0,0
impulsive,stage28:A:520:impulsive:188,504.0,0.042732870499147216,0.04238504637767707,-0.00035438062941039864,-0.0,0
impulsive,stage28:A:520:impulsive:188,505.0,0.04272501058316581,0.042754005010124545,2.2439124966051338e-05,-0.0,0
impulsive,stage28:A:520:impulsive:188,506.0,0.0427070383000956,0.04263564786052611,-7.794298407325967e-05,-0.0,0
impulsive,stage28:A:520:impulsive:188,507.0,0.042679096396217836,0.04285843769525269,0.00017279304165975727,-0.0,0
impulsive,stage28:A:520:impulsive:188,508.0,0.042641339225260165,0.042763621531172254,0.00011573984162293299,-0.0,0
impulsive,stage28:A:520:impulsive:188,509.0,0.042593932187622,0.043111825236999475,0.0005113578587541215,-0.0,0
impulsive,stage28:A:520:impulsive:188,510.0,0.04253705117306049,0.043166311773342764,0.0006227341369178025,-0.0,0
impulsive,stage28:A:520:impulsive:188,511.0,0.042470882007572396,0.04258629855652158,0.0001089002379253725,-0.0,0
impulsive,stage28:A:520:impulsive:188,512.0,0.04239561990515301,0.042212680299501884,-0.00018944436920418555,-0.0,0
impulsive,stage28:A:520:impulsive:188,513.0,0.042311468925063794,0.04194151781075733,-0.00037644296656751846,-0.0,0
impulsive,stage28:A:520:impulsive:188,514.0,0.04221864143519208,0.042226582140559896,1.4630956363941654e-06,-0.0,0
impulsive,stage28:A:520:impulsive:188,515.0,0.04211735758204162,0.042024510499121794,-9.930915266107793e-05,-0.0,0
impulsive,stage28:A:520:impulsive:188,516.0,0.04200784476785034,0.041719356831747746,-0.0002949332032834885,-0.0,0
impulsive,stage28:A:520:impulsive:188,517.0,0.04189033713529133,0.04147275400879809,-0.00042401036446812566,-0.0,0
impulsive,stage28:A:520:impulsive:188,518.0,0.04176507506017589,0.042443062827129875,0.0006715797479499011,-0.0,0
impulsive,stage28:A:520:impulsive:188,519.0,0.041632304652542036,0.04191165437078891,0.0002729620702176792,-0.0,0
impulsive,stage28:A:520:impulsive:188,520.0,0.04149227726647847,0.041636725649910215,0.00013808221981625288,-0.0,0
impulsive,stage28:A:520:impulsive:188,521.0,0.041345249019002904,0.041294173567964214,-5.741905609771331e-05,-0.0,0
impulsive,stage28:A:520:impulsive:188,522.0,0.041191480318284485,0.04113266188958797,-6.51384410107686e-05,-0.0,0
impulsive,stage28:A:520:impulsive:188,523.0,0.0410312354014718,0.04136091772335212,0.0003233868959572277,-0.0,0
impulsive,stage28:A:520:impulsive:188,524.0,0.04086478188236365,0.04065627366798799,-0.0002147781013212109,-0.0,0
impulsive,stage28:A:520:impulsive:188,525.0,0.04069239030913347,0.04049486702829455,-0.00020376671773078995,-0.0,0
impulsive,stage28:A:520:impulsive:188,526.0,0.04051433373229736,0.039998608389991135,-0.0005219414599624329,-0.0,0
impulsive,stage28:A:520:impulsive:188,527.0,0.040330887283093135,0.04036165787983026,2.458262528516102e-05,-0.0,0
impulsive,stage28:A:520:impulsive:188,528.0,0.040142327762417974,0.039762982995988995,-0.00038550380717771837,-0.0,0
impulsive,stage28:A:520:impulsive:188,529.0,0.03994893324045377,0.03891391250120624,-0.0010411501074583834,-0.0,0
impulsive,stage28:A:520:impulsive:188,530.0,0.03975098266709079,0.039179852275591204,-0.0005772293881372043,-0.0,0
impulsive,stage28:A:520:impulsive:188,531.0,0.03954875549324364,0.03911322670016127,-0.00044159676198757047,-0.0,0
impulsive,stage28:A:520:impulsive:188,532.0,0.03934253130313829,0.04011632550525182,0.00076775787420328,-0.0,0
impulsive,stage28:A:520:impulsive:188,533.0,0.03913258945763304,0.03915794348542906,1.9349911280910924e-05,-0.0,0
impulsive,stage28:A:520:impulsive:188,534.0,0.03891920874862254,0.03943037417651837,0.0005051940504009724,-0.0,0
impulsive,stage28:A:520:impulsive:188,535.0,0.03870266706456105,0.03854068149692691,-0.0001679237211200629,-0.0,0
impulsive,stage28:A:520:impulsive:188,536.0,0.038483241067126764,0.038334224813983665,-0.00015492074007964567,-0.0,0
impulsive,stage28:A:520:impulsive:188,537.0,0.038261205879039376,0.038630652468331646,0.0003635761692334372,-0.0,0
impulsive,stage28:A:520:impulsive:188,538.0,0.03803683478302894,0.037284755081390474,-0.0007579156964210395,-0.0,0
impulsive,stage28:A:520:impulsive:188,539.0,0.037810398931944676,0.03833777346589882,0.0005215732812433777,-0.0,0
impulsive,stage28:A:520:impulsive:188,540.0,0.037582167069981215,0.0374021101943761,-0.00018582311068195535,-0.0,0
impulsive,stage28:A:520:impulsive:188,541.0,0.037352405264989647,0.03646593429985042,-0.000892201947842871,-0.0,0
impulsive,stage28:A:520:impulsive:188,542.0,0.03712137665183121,0.025280421310375778,-0.0004948170881850918,-0.0,1
impulsive,stage28:A:520:impulsive:188,543.0,0.036889341186721714,0.03762739580492281,0.0007323946834582066,-0.0,0
impulsive,stage28:A:520:impulsive:188,544.0,0.0366565554125063,0.03676299210778328,0.00010081247687513527,-0.0,0
impulsive,stage28:A:520:impulsive:188,545.0,0.036423272234795065,0.0368429776716554,0.00041411701111621345,-0.0,0
impulsive,stage28:A:520:impulsive:188,546.0,0.03618974070888163,0.03625392721898529,5.863391512134283e-05,-0.0,0
impulsive,stage28:A:520:impulsive:188,547.0,0.03595620583735906,0.03643606772344754,0.00047434512238128006,-0.0,0
impulsive,stage28:A:520:impulsive:188,548.0,0.035722908378339316,0.03609486539102269,0.0003664760438250747,-0.0,0
impulsive,stage28:A:520:impulsive:188,549.0,0.03549008466417446,0.03521176486952428,-0.00028376504134629776,-0.0,0
impulsive,stage28:A:520:impulsive:188,550.0,0.035257966430571684,0.03506730949718983,-0.0001960665661577358,-0.0,0
impulsive,stage28:A:520:impulsive:188,551.0,0.035026780655985565,0.034947218951715674,-8.493586619279556e-05,-0.0,0
impulsive,stage28:A:520:impulsive:188,552.0,0.0347967494111653,0.03533349609349416,0.0005314078141193451,-0.0,0
impulsive,stage28:A:520:impulsive:188,553.0,0.03456808971872711,0.0342908942253562,-0.0002824992783044449,-0.0,0
impulsive,stage28:A:520:impulsive:188,554.0,0.03434101342261614,0.034811840224072355,0.00046555785685801885,-0.0,0
impulsive,stage28:A:520:impulsive:188,555.0,0.034115727067315346,0.03464537097878302,0.0005244095325740591,-0.0,0
impulsive,stage28:A:520:impulsive:188,556.0,0.033892431786653354,0.03392909567039243,3.146376505928346e-05,-0.0,0
impulsive,stage28:A:520:impulsive:188,557.0,0.03367132320205682,0.03328628718601958,-0.00039020221000816974,-0.0,0
impulsive,stage28:A:520:impulsive:188,558.0,0.03345259133008824,0.0334090961792881,-4.862778472143247e-05,-0.0,0
impulsive,stage28:A:520:impulsive:188,559.0,0.03323642049910324,0.03378519622583171,0.0005436762599160888,-0.0,0
impulsive,stage28:A:520:impulsive:188,560.0,0.033022989274857625,0.03334932453770835,0.00032126854280916105,-0.0,0
impulsive,stage28:A:520:impulsive:188,561.0,0.03281247039488847,0.03222811248510672,-0.0005893923298937348,-0.0,0
impulsive,stage28:A:520:impulsive:188,562.0,0.032605030711489555,0.032611009379917025,9.7607580368066e-07,-0.0,0
impulsive,stage28:A:520:impulsive:188,563.0,0.0324008311430967,0.03253666060016956,0.00013085819480615095,-0.0,0
impulsive,stage28:A:520:impulsive:188,564.0,0.032200026633893736,0.0324961989458926,0.0002912318591850035,-0.0,0
impulsive,stage28:A:520:impulsive:188,565.0,0.03200276612144695,0.03199643852002639,-1.1237788537281785e-05,-0.0,0
impulsive,stage28:A:520:impulsive:188,566.0,0.03180919251217125,0.031621303233294824,-0.0001927697659778831,-0.0,0
impulsive,stage28:A:520:impulsive:188,567.0,0.031619442664428114,0.0321562029749071,0.0005319089367127413,-0.0,0
impulsive,stage28:A:520:impulsive:188,568.0,0.0314336473790516,0.031288497460108124,-0.00014997278612334243,-0.0,0
impulsive,stage28:A:520:impulsive:188,569.0,0.03125193139709723,0.031143848454690547,-0.00011287792888805093,-0.0,0
impulsive,stage28:A:520:impulsive:188,570.0,0.03107441340460371,0.030914043927511698,-0.00016513722697275566,-0.0,0
impulsive,stage28:A:520:impulsive:188,571.0,0.03090120604415702,0.031323652599085434,0.00041770538026765757,-0.0,0
impulsive,stage28:A:520:impulsive:188,572.0,0.030732415933042753,0.03070615222391591,-3.0978986306557464e-05,-0.0,0
impulsive,stage28:A:520:impulsive:188,573.0,0.03056814368777175,0.030684072742237792,0.0001112389815908343,-0.0,0
impulsive,stage28:A:520:impulsive:188,574.0,0.030408483954761725,0.030069969764477872,-0.0003431797665527038,-0.0,0
impulsive,stage28:A:520:impulsive:188,575.0,0.03025352544695686,0.030812787693283904,0.000554620445355172,-0.0,0
impulsive,stage28:A:520:impulsive:188,576.0,0.0301033509861657,0.029922530145296687,-0.0001854396005606444,-0.0,0
impulsive,stage28:A:520:impulsive:188,577.0,0.029958037550897917,0.02918096804049919,-0.0007816659746376787,-0.0,0
impulsive,stage28:A:520:impulsive:188,578.0,0.02981765632947837,0.030037949914682893,0.00021571865966826516,-0.0,0
impulsive,stage28:A:520:impulsive:188,579.0,0.029682272778218985,0.029829087716462612,0.00014226078461710665,-0.0,0
impulsive,stage28:A:520:impulsive:188,580.0,0.029551946684426456,0.02961363534536008,5.715450325071099e-05,-0.0,0
impulsive,stage28:A:520:impulsive:188,581.0,0.029426732234026563,0.029017838733383903,-0.00041340844666183836,-0.0,0
impulsive,stage28:A:520:impulsive:188,582.0,0.029306678083585162,0.02885406191593714,-0.0004571126937487305,-0.0,0
impulsive,stage28:A:520:impulsive:188,583.0,0.02919182743650678,0.029591844278915612,0.00039553793785263464,-0.0,0
impulsive,stage28:A:520:impulsive:188,584.0,0.029082218123193372,0.028558206837144672,-0.0005284733732386757,-0.0,0
impulsive,stage28:A:520:impulsive:188,585.0,0.028977882684947737,0.028552247654954187,-0.0004300811089883986,-0.0,0
impulsive,stage28:A:520:impulsive:188,586.0,0.028878848461406075,0.02969260830341234,0.0008093289578407246,-0.0,0
impulsive,stage28:A:520:impulsive:188,587.0,0.028785137681288007,0.029083145253440478,0.0002935910660398605,-0.0,0
impulsive,stage28:A:520:impulsive:188,588.0,0.02869676755625344,0.038831099499673706,7.495149531728948e-05,-0.0,1
impulsive,stage28:A:520:impulsive:188,589.0,0.028613750377658235,0.02908997235790499,0.00047183177010265854,-0.0,0
impulsive,stage28:A:520:impulsive:188,590.0,0.02853609361600353,0.028452709491324554,-8.776241993955854e-05,-0.0,0
impulsive,stage28:A:520:impulsive:188,591.0,0.02846380002287613,0.028443325349609867,-2.4841876514723177e-05,-0.0,0
impulsive,stage28:A:520:impulsive:188,592.0,0.028396867735180506,0.028066620314399215,-0.0003346043546031825,-0.0,0
impulsive,stage28:A:520:impulsive:188,593.0,0.02833529038146649,0.028460675508111075,0.00012103764064128926,-0.0,0
impulsive,stage28:A:520:impulsive:188,594.0,0.028279057190159634,0.02871686176380729,0.0004334657155076683,-0.0,0
impulsive,stage28:A:520:impulsive:188,595.0,0.028228153099505177,0.02866342030042982,0.0004309361530035939,-0.0,0
impulsive,stage28:A:520:impulsive:188,596.0,0.028182558869040347,0.02802798218561231,-0.00015890073582244157,-0.0,0
impulsive,stage28:A:520:impulsive:188,597.0,0.028142251192413627,0.0272286268959263,-0.0009179421644714941,-0.0,0
impulsive,stage28:A:520:impulsive:188,598.0,0.028107202811373386,0.028391629826526064,0.0002801145246445826,-0.0,0
impulsive,stage28:A:520:impulsive:188,599.0,0.028077382630753454,0.02825179791087596,0.0001701073649272484,-0.0,0
impulsive,stage28:A:520:impulsive:188,600.0,0.028052755834285903,0.027899951635541317,-0.00015710833544837734,-0.0,0
impulsive,stage28:A:520:impulsive:188,601.0,0.028033284001077505,0.027309954661480736,-0.0007276304887355408,-0.0,0
impulsive,stage28:A:520:impulsive:188,602.0,0.028018925222589978,0.028164513336832234,0.00014128916817208635,-0.0,0
impulsive,stage28:A:520:impulsive:188,603.0,0.028009634219969,0.0285604157852504,0.0005464840447305504,0.0,0
impulsive,stage28:A:520:impulsive:188,604.0,0.02800536246157119,0.027748795625691436,-0.0002608637010143531,0.0,0
impulsive,stage28:A:520:impulsive:188,605.0,0.02800605828054429,0.028033497462530043,2.3142210091588715e-05,0.0,0
impulsive,stage28:A:520:impulsive:188,606.0,0.028011666992319356,0.027358270599183665,-0.0006576942255749774,0.0,0
impulsive,stage28:A:520:impulsive:188,607.0,0.028022131011879718,0.02791633545060425,-0.00011009499921016331,0.0,0
impulsive,stage28:A:520:impulsive:188,608.0,0.02803738997067526,0.028255871595843526,0.00021417984605023142,0.0,0
impulsive,stage28:A:520:impulsive:188,609.0,0.028057380833057043,0.02685421654456819,-0.0012074691348065974,0.0,0
impulsive,stage28:A:520:impulsive:188,610.0,0.02808203801211105,0.02819870512235119,0.00011235848076932582,0.0,0
impulsive,stage28:A:520:impulsive:188,611.0,0.028111293484775424,0.02834806154566024,0.0002324549427443564,0.0,0
impulsive,stage28:A:520:impulsive:188,612.0,0.02814507690613044,0.028208629497179342,5.923428951523893e-05,0.0,0
impulsive,stage28:A:520:impulsive:188,613.0,0.028183315722755835,0.028167875727628452,-1.9764163645917485e-05,0.0,0
impulsive,stage28:A:520:impulsive:188,614.0,0.02822593528505428,0.028894990976390655,0.0006647249836947858,0.0,0
impulsive,stage28:A:520:impulsive:188,615.0,0.02827285895844562,0.027907490696144805,-0.000369706169445586,0.0,0
impulsive,stage28:A:520:impulsive:188,616.0,0.028324008233341347,0.028323363222302788,-4.990766020914387e-06,0.0,0
impulsive,stage28:A:520:impulsive:188,617.0,0.028379302833812545,0.029015237999814578,0.0006315809271644448,0.0,0
impulsive,stage28:A:520:impulsive:188,618.0,0.028438660824871096,0.02885667221518022,0.0004136480441699461,0.0,0
impulsive,stage28:A:520:impulsive:188,619.0,0.02850199871828774,0.028494223830630716,-1.2147951734555417e-05,0.0,0
impulsive,stage28:A:520:impulsive:188,620.0,0.02856923157687492,0.027947072676859742,-0.0006265422796358977,0.0,0
impulsive,stage28:A:520:impulsive:188,621.0,0.028640273117168442,0.029001157183777063,0.00035648978707835543,0.0,0
impulsive,stage28:A:520:impulsive:188,622.0,0.028715035810444708,0.028810712087537816,9.127052671647893e-05,0.0,0
impulsive,stage28:A:520:impulsive:188,623.0,0.028793430982016307,0.029120502910009147,0.0003226541494383994,0.0,0
impulsive,stage28:A:520:impulsive:188,624.0,0.028875368908752655,0.02857102591719074,-0.0003087733418593961,0.0,0
impulsive,stage28:A:520:impulsive:188,625.0,0.028960758914776317,0.02882899475205761,-0.00013620761441204612,0.0,0
impulsive,stage28:A:520:impulsive:188,626.0,0.02904950946529031,0.02840360915226593,-0.0006503573817222033,0.0,0
impulsive,stage28:A:520:impulsive:188,627.0,0.02914152825849594,0.02918582749753638,3.9828051891381e-05,0.0,0
impulsive,stage28:A:520:impulsive:188,628.0,0.02923672231556418,0.029562232274348357,0.00032102416600288163,0.0,0
impulsive,stage28:A:520:impulsive:188,629.0,0.029334998068628205,0.029901146003107705,0.0005616470632410892,0.0,0
impulsive,stage28:A:520:impulsive:188,630.0,0.02943626144676801,0.029556783765667498,0.00011600591081238902,0.0,0
impulsive,stage28:A:520:impulsive:188,631.0,0.0295404179599617,0.04165562048172188,-0.00013591323382243,0.0,1
impulsive,stage28:A:520:impulsive:188,632.0,0.029647372780982763,0.02942554144949819,-0.0002263801304015608,0.0,0
impulsive,stage28:A:520:impulsive:188,633.0,0.02975703082522394,0.03000594368740101,0.0002443472384170666,0.0,0
impulsive,stage28:A:520:impulsive:188,634.0,0.029869296828434224,0.030014864884328772,0.00014098520715215843,0.0,0
impulsive,stage28:A:520:impulsive:188,635.0,0.02998407542235635,0.030714025848272167,0.0007253499666840409,0.0,0
impulsive,stage28:A:520:impulsive:188,636.0,0.03010127120825745,0.030346378008991495,0.00024048836014291475,0.0,0
impulsive,stage28:A:520:impulsive:188,637.0,0.030220788828346862,0.029559114164274373,-0.0006663114422621965,0.0,0
impulsive,stage28:A:520:impulsive:188,638.0,0.030342533035078847,0.030507433001042666,0.00016024450855016517,0.0,0
impulsive,stage28:A:520:impulsive:188,639.0,0.030466408758340807,0.029542845999778505,-0.000928237222238672,0.0,0
impulsive,stage28:A:520:impulsive:188,640.0,0.03059232117052946,0.030467752984536644,-0.0001292619684212513,0.0,0
impulsive,stage28:A:520:impulsive:188,641.0,0.030720175749521163,0.030708578295293425,-1.631085339505798e-05,0.0,0
impulsive,stage28:A:520:impulsive:188,642.0,0.03084987833954373,0.030976892452806718,0.0001222808138162961,0.0,0
impulsive,stage28:A:520:impulsive:188,643.0,0.030981335209960426,0.031296681020347474,0.0003105923415015875,0.0,0
impulsive,stage28:A:520:impulsive:188,644.0,0.031114453111978482,0.03085326332131386,-0.0002659636838410611,0.0,0
impulsive,stage28:A:520:impulsive:188,645.0,0.03124913933329667,0.03142903400131201,0.00017510010992055432,0.0,0
impulsive,stage28:A:520:impulsive:188,646.0,0.03138530175070838,0.03223689605874247,0.0008467788585280692,0.0,0
impulsive,stage28:A:520:impulsive:188,647.0,0.0315228488806787,0.03138200137200413,-0.00014568406204839112,0.0,0
impulsive,stage28:A:520:impulsive:188,648.0,0.03166168992791549,0.03264929730642751,0.0009827495227445603,0.0,0
impulsive,stage28:A:520:impulsive:188,649.0,0.031801734831956356,0.032358984172334834,0.0005523699975095278,0.0,0
impulsive,stage28:A:520:impulsive:188,650.0,0.0319428943117947,0.031570655165054154,-0.0003771401477204456,0.0,0
impulsive,stage28:A:520:impulsive:188,651.0,0.032085079908569465,0.03297811463496634,0.0008881119098688212,0.0,0
impulsive,stage28:A:520:impulsive:188,652.0,0.03222820402634506,0.03168077255248941,-0.0005523762499292168,0.0,0
impulsive,stage28:A:520:impulsive:188,653.0,0.03237217997100819,0.032569864059811014,0.00019271722248786975,0.0,0
impulsive,stage28:A:520:impulsive:188,654.0,0.032516921987310654,0.03244286527106823,-7.90457903371973e-05,0.0,0
impulsive,stage28:A:520:impulsive:188,655.0,0.032662345294087,0.032630457633213816,-3.68990472782399e-05,0.0,0
impulsive,stage28:A:520:impulsive:188,656.0,0.03280836611767816,0.03290221423957172,8.881433150118247e-05,0.0,0
impulsive,stage28:A:520:impulsive:188,657.0,0.032954901723591556,0.03272415986131124,-0.00023579813564312708,0.0,0
impulsive,stage28:A:520:impulsive:188,658.0,0.03310187044643073,0.022166351706008038,0.00012385988867544032,0.0,1
impulsive,stage28:A:520:impulsive:188,659.0,0.033249191718126715,0.033402046237875814,0.0001477530934475031,0.0,0
impulsive,stage28:A:520:impulsive:188,660.0,0.03339678609450459,0.03310401918078578,-0.00029789098543807514,0.0,0
impulsive,stage28:A:520:impulsive:188,661.0,0.033544575280219695,0.032896224166263116,-0.0006534978609831283,0.0,0
impulsive,stage28:A:520:impulsive:188,662.0,0.03369248215209762,0.03347869661092085,-0.00021895498156720492,0.0,0
impulsive,stage28:A:520:impulsive:188,663.0,0.03384043078091288,0.03427801608328695,0.0004323931622129913,0.0,0
impulsive,stage28:A:520:impulsive:188,664.0,0.03398834645164164,0.033551033995840016,-0.0004425272906766024,0.0,0
impulsive,stage28:A:520:impulsive:188,665.0,0.034136155682224084,0.0338642362709367,-0.0002771569245451249,0.0,0
impulsive,stage28:A:520:impulsive:188,666.0,0.03428378624087202,0.034763629939229455,0.0004745835341305826,0.0,0
impulsive,stage28:A:520:impulsive:188,667.0,0.034431167161957446,0.04554132174477469,-0.0005108392690398787,0.0,1
impulsive,stage28:A:520:impulsive:188,668.0,0.034578228760518595,0.034510271446004846,-7.32626550813324e-05,0.0,0
impulsive,stage28:A:520:impulsive:188,669.0,0.03472490264541904,0.034774947345370316,4.471685519710821e-05,0.0,0
impulsive,stage28:A:520:impulsive:188,670.0,0.034871121731195845,0.034418621421146885,-0.000457850589209841,0.0,0
impulsive,stage28:A:520:impulsive:188,671.0,0.03501682024863326,0.03491944631678706,-0.00010274656554295608,0.0,0
impulsive,stage28:A:520:impulsive:188,672.0,0.03516193375409732,0.03522589287432469,5.856422175317935e-05,0.0,0
impulsive,stage28:A:520:impulsive:188,673.0,0.03530639913766709,0.03497901561603859,-0.00033280058543872583,0.0,0
impulsive,stage28:A:520:impulsive:188,674.0,0.0354501546300986,0.03577208116859568,0.00031648741826947223,0.0,0
impulsive,stage28:A:520:impulsive:188,675.0,0.03559313980865634,0.03594480002145105,0.00034619915433905016,0.0,0
impulsive,stage28:A:520:impulsive:188,676.0,0.035735295601847315,0.03605530275279002,0.0003145242815116539,0.0,0
impulsive,stage28:A:520:impulsive:188,677.0,0.035876564293092834,0.03586393487927874,-1.81339581124123e-05,0.0,0
impulsive,stage28:A:520:impulsive:188,678.0,0.03601688952337236,0.03575615675326483,-0.0002662588445178205,0.0,0
impulsive,stage28:A:520:impulsive:188,679.0,0.03615621629287295,0.03574455247773197,-0.0004172112664693153,0.0,0
impulsive,stage28:A:520:impulsive:188,680.0,0.036294490961679006,0.03652003595784486,0.00021997632934337596,0.0,0
impulsive,stage28:A:520:impulsive:188,681.0,0.03643166124953465,0.03686887596271726,0.00043162500031125204,0.0,0
impulsive,stage28:A:520:impulsive:188,682.0,0.036567676234712305,0.03648152209367648,-9.17647226978901e-05,0.0,0
impulsive,stage28:A:520:impulsive:188,683.0,0.0367024863520194,0.03703582504373674,0.00032770742612756346,0.0,0
impulsive,stage28:A:520:impulsive:188,684.0,0.036836043389975405,0.03658516459351947,-0.00025653055371335505,0.0,0
impulsive,stage28:A:520:impulsive:188,685.0,0.03696830048719057,0.02396890791562246,-0.000773978992309407,0.0,1
impulsive,stage28:A:520:impulsive:188,686.0,0.037099212127977385,0.0373949099745481,0.00029000571131152907,0.0,0
impulsive,stage28:A:520:impulsive:188,687.0,0.03722873413722498,0.03676207309839597,-0.0004723730466610493,0.0,0
impulsive,stage28:A:520:impulsive:188,688.0,0.03735682367456638,0.03769917224230397,0.0003366169071169924,0.0,0
impulsive,stage28:A:520:impulsive:188,689.0,0.03748343922786833,0.037567939681215225,7.874936609123083e-05,0.0,0
impulsive,stage28:A:520:impulsive:188,690.0,0.03760854060607184,0.03759726166421276,-1.7049223429799306e-05,0.0,0
impulsive,stage28:A:520:impulsive:188,691.0,0.03773208893141215,0.03789725204669374,0.00015937387768084243,0.0,0
impulsive,stage28:A:520:impulsive:188,692.0,0.03785404663104544,0.03775575450915346,-0.00010410007147291074,0.0,0
impulsive,stage28:A:520:impulsive:188,693.0,0.037974377428109676,0.03781076161869683,-0.00016944222135815862,0.0,0
impulsive,stage28:A:520:impulsive:188,694.0,0.03809304633224559,0.037862287369530664,-0.00023660358204025093,0.0,0
impulsive,stage28:A:520:impulsive:188,695.0,0.038210019629604165,0.03871603744396383,0.0005001552478114211,0.0,0
impulsive,stage28:A:520:impulsive:188,696.0,0.03832526487236551,0.028913780844249275,1.8277684899354673e-05,0.0,1
impulsive,stage28:A:520:impulsive:188,697.0,0.038438750867794115,0.038418077168403626,-2.65713601919908e-05,0.0,0
impulsive,stage28:A:520:impulsive:188,698.0,0.038550447666854344,0.03880384487634795,0.00024748241104276193,0.0,0
impulsive,stage28:A:520:impulsive:188,699.0,0.03866032655240991,0.0385988335968601,-6.742461272736778e-05,0.0,0
impulsive,stage28:A:520:impulsive:188,700.0,0.03876836002703003,0.03876475589894726,-9.552360845486095e-06,0.0,0
impulsive,stage28:A:520:impulsive:188,701.0,0.0388745218004247,0.03966576849698572,0.0007852821753884198,0.0,0
impulsive,stage28:A:520:impulsive:188,702.0,0.0389787867765308,0.04010951317999584,0.0011247458849083143,0.0,0
impulsive,stage28:A:520:impulsive:188,703.0,0.039081131040270126,0.038779917584034845,-0.0003072096774810513,0.0,0
impulsive,stage28:A:520:impulsive:188,704.0,0.0391815318440001,0.03886489347083177,-0.00032264999891792103,0.0,0
impulsive,stage28:A:520:impulsive:188,705.0,0.03927996759367682,0.03913408267560717,-0.00015191164682466283,0.0,0
impulsive,stage28:A:520:impulsive:188,706.0,0.03937641783475009,0.038629695746043274,-0.0007527636158304777,0.0,0
impulsive,stage28:A:520:impulsive:188,707.0,0.03947086323780932,0.039188542733777365,-0.00028837652192181134,0.0,0
impulsive,stage28:A:520:impulsive:188,708.0,0.03956328558399835,0.03954254339227914,-2.6812389977467552e-05,0.0,0
impulsive,stage28:A:520:impulsive:188,709.0,0.03965366775021737,0.03914814180654431,-0.0005116100092747384,0.0,0
impulsive,stage28:A:520:impulsive:188,710.0,0.03974199369412852,0.05414546488380556,0.00014157027781399665,0.0,1
impulsive,stage28:A:520:impulsive:188,711.0,0.03982824843898217,0.03958374980181641,-0.00025060948869729346,0.0,0
impulsive,stage28:A:520:impulsive:188,712.0,0.03991241805828022,0.039866734008496565,-5.180781546701687e-05,0.0,0
impulsive,stage28:A:520:impulsive:188,713.0,0.03999448966029152,0.040160161653959234,0.0001595356357315108,0.0,0
impulsive,stage28:A:520:impulsive:188,714.0,0.04007445137243468,0.03953713389825781,-0.0005434661006453366,0.0,0
impulsive,stage28:A:520:impulsive:188,715.0,0.040152292325543126,0.040074721544887434,-8.373135026819237e-05,0.0,0
impulsive,stage28:A:520:impulsive:188,716.0,0.040228002638026075,0.039359138690679564,-0.0008750361331986675,0.0,0
impulsive,stage28:A:520:impulsive:188,717.0,0.040301573399939145,0.04037350978403789,6.57529102783565e-05,0.0,0
impulsive,stage28:A:520:impulsive:188,718.0,0.040372996656977744,0.041257147890430945,0.0008779568011564289,0.0,0
impulsive,stage28:A:520:impulsive:188,719.0,0.040442265394405964,0.040154273830836675,-0.0002941966237743047,0.0,0
impulsive,stage28:A:520:impulsive:188,720.0,0.04050937352093297,0.0399154239380273,-0.0006001649395162301,0.0,0
impulsive,stage28:A:520:impulsive:188,721.0,0.040574315852548615,0.04039027645115014,-0.00019026472211647577,0.0,0
impulsive,stage28:A:520:impulsive:188,722.0,0.04063708809632966,0.03984509253262601,-0.0007982305155723243,0.0,0
impulsive,stage28:A:520:impulsive:188,723.0,0.0406976868342276,0.039794390224483334,-0.0009095408592824316,0.0,0
impulsive,stage28:A:520:impulsive:188,724.0,0.04075610950684802,0.04010666213221189,-0.0006557005879699035,0.0,0
impulsive,stage28:A:520:impulsive:188,725.0,0.04081235439723196,0.04103444764144156,0.00021583140121753016,0.0,0
impulsive,stage28:A:520:impulsive:188,726.0,0.0408664206146488,0.04097629340754229,0.00010360265451709904,0.0,0
impulsive,stage28:A:520:impulsive:188,727.0,0.04091830807840969,0.040709714597623195,-0.00021487158026084813,0.0,0
impulsive,stage28:A:520:impulsive:188,728.0,0.04096801750171058,0.04076249212460481,-0.0002118111035011415,0.0,0
impulsive,stage28:A:520:impulsive:188,729.0,0.04101555037551302,0.04018127112835174,-0.0008405722665295105,0.0,0
impulsive,stage28:A:520:impulsive:188,730.0,0.041060908952471234,0.04065264260284342,-0.0004145663283663531,0.0,0
impulsive,stage28:A:520:impulsive:188,731.0,0.041104096230912913,0.040873480654555636,-0.00023692218132360257,0.0,0
impulsive,stage28:A:520:impulsive:188,732.0,0.04114511593888107,0.04120281826834718,5.138943084251665e-05,0.0,0
impulsive,stage28:A:520:impulsive:188,733.0,0.04118397251824409,0.0414726133868743,0.00028232200823835715,0.0,0
impulsive,stage28:A:520:impulsive:188,734.0,0.04122067110888109,0.04138535365110071,0.00015835805115989052,0.0,0
impulsive,stage28:A:520:impulsive:188,735.0,0.04125521753294801,0.04095822586961298,-0.0003033214548555224,0.0,0
impulsive,stage28:A:520:impulsive:188,736.0,0.04128761827923164,0.04099367655335292,-0.0003002764886484626,0.0,0
impulsive,stage28:A:520:impulsive:188,737.0,0.041317880487596825,0.04190856476369345,0.0005843448701936883,0.0,0
impulsive,stage28:A:520:impulsive:188,738.0,0.04134601193353219,0.041370548143828956,1.819248818369289e-05,0.0,0
impulsive,stage28:A:520:impulsive:188,739.0,0.04137202101280011,0.041121396909733786,-0.00025697181575462714,0.0,0
impulsive,stage28:A:520:impulsive:188,740.0,0.04139591672619531,0.040970023763768626,-0.0004322443414363121,0.0,0
impulsive,stage28:A:520:impulsive:188,741.0,0.04141770866441745,0.041408641128811936,-1.542225815407484e-05,0.0,0
impulsive,stage28:A:520:impulsive:188,742.0,0.041437406993061414,0.0417531858497987,0.0003094211118724942,0.0,0
impulsive,stage28:A:520:impulsive:188,743.0,0.04145502243772985,0.04114837012830555,-0.0003130127570282584,0.0,0
impulsive,stage28:A:520:impulsive:188,744.0,0.04147056626927219,0.04136434445364292,-0.00011258464812461446,0.0,0
impulsive,stage28:A:520:impulsive:188,745.0,0.04148405028915299,0.041307058012119056,-0.00018335717838359456,0.0,0
impulsive,stage28:A:520:impulsive:188,746.0,0.04149548681495398,0.04116233464587304,-0.00033951882513772716,0.0,0
impulsive,stage28:A:520:impulsive:188,747.0,0.04150488866601264,0.041907909238937946,0.0003966524743417234,0.0,0
impulsive,stage28:A:520:impulsive:188,748.0,0.041512269149200275,0.0412317716373506,-0.00028686674282141775,0.0,0
impulsive,stage28:A:520:impulsive:188,749.0,0.04151764204484265,0.041165203241606045,-0.00035880885857218975,0.0,0
impulsive,stage28:A:520:impulsive:188,750.0,0.041521021592785694,0.04227274101108878,0.0007453488444431763,0.0,0
impulsive,stage28:A:520:impulsive:188,751.0,0.04152242247860893,0.04162701003999827,9.821677259140152e-05,0.0,0
impulsive,stage28:A:520:impulsive:188,752.0,0.041521859819988474,0.041973084237870294,0.00044485371541264134,0.0,0
impulsive,stage28:A:520:impulsive:188,753.0,0.0415193491532123,0.04165888880371254,0.00013316933324287653,0.0,0
impulsive,stage28:A:520:impulsive:188,754.0,0.041514906419849125,0.041265078797548774,-0.00025619725790875745,0.0,0
impulsive,stage28:A:520:impulsive:188,755.0,0.04150854795357297,0.041470259439266445,-4.465717433490904e-05,0.0,0
impulsive,stage28:A:520:impulsive:188,756.0,0.04150029046714522,0.042065710082804506,0.0005590522225777398,0.0,0
impulsive,stage28:A:520:impulsive:188,757.0,0.041490151039554904,0.04164851982801955,0.00015200295107633085,0.0,0
impulsive,stage28:A:520:impulsive:188,758.0,0.04147814710331938,0.026708690764208964,0.0001971451351276511,0.0,1
impulsive,stage28:A:520:impulsive:188,759.0,0.04146429643194613,0.04190245076903967,0.00043179246657986834,0.0,0
impulsive,stage28:A:520:impulsive:188,760.0,0.0414486171275564,0.04133243541472347,-0.00012254117766960396,0.0,0
impulsive,stage28:A:520:impulsive:188,761.0,0.04143112760867239,0.04175775197145345,0.0003202675813627501,0.0,0
impulsive,stage28:A:520:impulsive:188,762.0,0.04141184659816813,0.04126577785045005,-0.0001524225708493172,0.0,0
impulsive,stage28:A:520:impulsive:188,763.0,0.041390793111384785,0.029561681419249055,0.00022401963048482274,0.0,1
impulsive,stage28:A:520:impulsive:188,764.0,0.041367986444411094,0.04154803466597166,0.0001737011278964273,0.0,0
impulsive,stage28:A:520:impulsive:188,765.0,0.04134344616252941,0.04127783282877,-7.195666220601698e-05,0.0,0
impulsive,stage28:A:520:impulsive:188,766.0,0.041317192088827566,0.04068717898900487,-0.0006363524001045528,0.0,0
impulsive,stage28:A:520:impulsive:188,767.0,0.04128924429297648,0.04067741804350865,-0.0006181612617170026,0.0,0
impulsive,stage28:A:520:impulsive:188,768.0,0.04125962308017442,0.041131322194672956,-0.0001346313529654362,0.0,0
impulsive,stage28:A:520:impulsive:188,769.0,0.041228348980257165,0.0415642719385202,0.00032959728918685485,0.0,0
impulsive,stage28:A:520:impulsive:188,770.0,0.04119544273697438,0.0410315606926038,-0.00017020266463906858,0.0,0
impulsive,stage28:A:520:impulsive:188,771.0,0.04116092529743212,0.04107236851088225,-9.487211080468367e-05,0.0,0
impulsive,stage28:A:520:impulsive:188,772.0,0.041124817801701075,0.04065654870238852,-0.0004745788835912369,0.0,0
impulsive,stage28:A:520:impulsive:188,773.0,0.041087141572590226,0.04063026662224703,-0.0004631789539548526,0.0,0
impulsive,stage28:A:520:impulsive:188,774.0,0.041047918105585945,0.041300690082255835,0.0002464739911180914,0.0,0
impulsive,stage28:A:520:impulsive:188,775.0,0.04100716905895553,0.041375800417947015,0.0003623396255693648,0.0,0
impulsive,stage28:A:520:impulsive:188,776.0,0.04096491624401499,0.04056308005987968,-0.00040812143470445907,0.0,0
impulsive,stage28:A:520:impulsive:188,777.0,0.04092118161556055,0.041142644524803554,0.00021518436888161296,0.0,0
impulsive,stage28:A:520:impulsive:188,778.0,0.04087598726246315,0.040735668405627846,-0.00014659046302327374,0.0,0
impulsive,stage28:A:520:impulsive:188,779.0,0.040829482284376536,0.041450858906676914,0.0006151121513751282,0.0,0
impulsive,stage28:A:520:impulsive:188,780.0,0.04078974979684165,0.040901061028725524,0.00010505285711755724,0.0,0
baseline_drift,stage28:A:680:baseline_drift:005,420.0,0.03547678054477296,0.03414906934406465,-0.00015991528018100972,-0.00143393255244755,0
baseline_drift,stage28:A:680:baseline_drift:005,421.0,0.035029117950575374,0.03349930781823374,-0.0003323976429251303,-0.001460190884957158,0
baseline_drift,stage28:A:680:baseline_drift:005,422.0,0.03450044637817569,0.033299720011048105,2.739202951651425e-05,-0.0014869308496863053,0
baseline_drift,stage28:A:680:baseline_drift:005,423.0,0.03398248241665425,0.033067169149788946,0.0003438962525196691,-0.0015141363553542982,0
baseline_drift,stage28:A:680:baseline_drift:005,424.0,0.03347908562929552,0.031794970215309,-0.0003934749174726438,-0.0015417909941726263,0
baseline_drift,stage28:A:680:baseline_drift:005,425.0,0.03299258185174504,0.03180052516448769,0.00013032047783385474,-0.001569878050953581,0
baseline_drift,stage28:A:680:baseline_drift:005,426.0,0.03252515797337363,0.03153807554116021,0.0003673036741791055,-0.0015983805123895177,0
baseline_drift,stage28:A:680:baseline_drift:005,427.0,0.0320788541533433,0.030324787185597356,-0.0003674322539997985,-0.0016272810764976105,0
baseline_drift,stage28:A:680:baseline_drift:005,428.0,0.031655557103049174,0.03013547105913442,-0.00010099479138339716,-0.0016565621622248766,0
baseline_drift,stage28:A:680:baseline_drift:005,429.0,0.031256994441084776,0.029635232123218613,-0.00017003740558037066,-0.001686205919208104,0
baseline_drift,stage28:A:680:baseline_drift:005,430.0,0.030884730120207583,0.028936453185703336,-0.00046377108358378635,-0.0017161942376833024,0
baseline_drift,stage28:A:680:baseline_drift:005,431.0,0.03054016091908309,0.02946931827447555,0.0004465625864835779,-0.001746508758539144,0
baseline_drift,stage28:A:680:baseline_drift:005,432.0,0.03022451398494028,0.02901278357243698,0.000338664836321133,-0.0017771308835088384,0
baseline_drift,stage28:A:680:baseline_drift:005,433.0,0.02993884540675521,0.028594518574508676,0.00023912232229968185,-0.001808041785494762,0
baseline_drift,stage28:A:680:baseline_drift:005,434.0,0.029684039792274415,0.028599894786261487,0.0005323962606931566,-0.0018392224190201248,0
baseline_drift,stage28:A:680:baseline_drift:005,435.0,0.02946081081616865,0.027712232477467784,-9.89313604625646e-05,-0.0018706535308018702,0
baseline_drift,stage28:A:680:baseline_drift:005,436.0,0.02926970270094481,0.02786162089701624,0.0002746609522120811,-0.0019023156704389313,0
baseline_drift,stage28:A:680:baseline_drift:005,437.0,0.029111092587003024,0.027215613420957883,-0.00017967303155249902,-0.0019341892012099235,0
baseline_drift,stage28:A:680:baseline_drift:005,438.0,0.028985193743466843,0.027547398512994526,0.00031102047079758507,-0.001966254310974258,0
baseline_drift,stage28:A:680:baseline_drift:005,439.0,0.0288920595671878,0.027185283326017724,7.497483817319654e-05,-0.0019984910231706527,0
baseline_drift,stage28:A:680:baseline_drift:005,440.0,0.02883158831366952,0.027733877361266326,0.0007168819496753873,-0.002030879207906904,0
baseline_drift,stage28:A:680:baseline_drift:005,441.0,0.02880352850060515,0.027239362422247428,0.0002831567056180219,-0.002063398593134792,0
baseline_drift,stage28:A:680:baseline_drift:005,442.0,0.02880748492229298,0.026262352566903364,-0.0006652090685854641,-0.002096028775903894,0
baseline_drift,stage28:A:680:baseline_drift:005,443.0,0.028842925211401853,0.027209813013879824,0.0002792656841826658,-0.0021287492336880716,0
baseline_drift,stage28:A:680:baseline_drift:005,444.0,0.028909186883397074,0.027081180828006514,0.00011666485234677957,-0.002161539335778332,0
baseline_drift,stage28:A:680:baseline_drift:005,445.0,0.02900548479840285,0.026750428461750794,-0.00027826880929474393,-0.0021943783547357606,0
baseline_drift,stage28:A:680:baseline_drift:005,446.0,0.029130918975348474,0.027923430287603752,0.0008012249915575208,-0.0022272454778981287,0
baseline_drift,stage28:A:680:baseline_drift:005,447.0,0.029284482693895005,0.02750128183462732,0.00025723517010007397,-0.0022601198189338392,0
baseline_drift,stage28:A:680:baseline_drift:005,448.0,0.029465070820834945,0.02759994897444674,0.00020682007315185334,-0.002292980429436745,0
baseline_drift,stage28:A:680:baseline_drift:005,449.0,0.029671488299356785,0.028075051735903626,0.0005067827524879951,-0.002325806310555445,0
baseline_drift,stage28:A:680:baseline_drift:005,450.0,0.029902458741724543,0.027693896020502488,-7.430596519567374e-05,-0.0023585764246505736,0
baseline_drift,stage28:A:680:baseline_drift:005,451.0,0.030156633068488523,0.02775927680841526,-0.0002323129646189467,-0.0023912697069736304,0
baseline_drift,stage28:A:680:baseline_drift:005,452.0,0.030432598140266692,0.028135758455490413,-0.00010127122974877294,-0.0024238650773608502,0
baseline_drift,stage28:A:680:baseline_drift:005,453.0,0.030728885331360128,0.0290194128567796,0.0005163496934975856,-0.0024563414519356386,0
baseline_drift,stage28:A:680:baseline_drift:005,454.0,0.03104397899793509,0.028876446046714608,8.82617774260396e-05,-0.00248867775481307,0
baseline_drift,stage28:A:680:baseline_drift:005,455.0,0.03137632479716672,0.029076113616846692,-1.473443954646287e-05,-0.002520852929799936,0
baseline_drift,stage28:A:680:baseline_drift:005,456.0,0.0317243378175364,0.029316259701712654,-9.321904662524027e-05,-0.002552845952083883,0
baseline_drift,stage28:A:680:baseline_drift:005,457.0,0.032086410484360214,0.03018714397654195,0.00044466628390745487,-0.002584635839905104,0
baseline_drift,stage28:A:680:baseline_drift:005,458.0,0.03246092020854775,0.03060310001217863,0.0005148689571245886,-0.0026162016662041577,0
baseline_drift,stage28:A:680:baseline_drift:005,459.0,0.032846236750501495,0.030584050340553073,0.00013893311340227644,-0.002647522570239393,0
baseline_drift,stage28:A:680:baseline_drift:005,460.0,0.03324072927493209,0.030174572785900532,-0.0006369411365195154,-0.0026785777691675852,0
baseline_drift,stage28:A:680:baseline_drift:005,461.0,0.03364277307613767,0.030892911792466896,-0.0002928931480243309,-0.0027093465695813045,0
baseline_drift,stage28:A:680:baseline_drift:005,462.0,0.03405075595695049,0.03165481926561392,8.84326831741936e-05,-0.002739808378996652,0
baseline_drift,stage28:A:680:baseline_drift:005,463.0,0.03446308424805897,0.0316659169247833,-0.0002857567790492741,-0.0027699427172849585,0
baseline_drift,stage28:A:680:baseline_drift:005,464.0,0.03487818845774263,0.03247143003585616,0.00013132464037945304,-0.0027997292280421116,0
baseline_drift,stage28:A:680:baseline_drift:005,465.0,0.03529452854519712,0.03281233631083986,8.218602583757911e-05,-0.0028291476898892106,0
baseline_drift,stage28:A:680:baseline_drift:005,466.0,0.035710598813554296,0.032926610012137716,-0.00019370144322540628,-0.002858178027698244,0
baseline_drift,stage28:A:680:baseline_drift:005,467.0,0.0361249324214126,0.03274328367434281,-0.0007658473047240253,-0.0028868003237365893,0
baseline_drift,stage28:A:680:baseline_drift:005,468.0,0.03653610551417594,0.0337612513271247,-0.0001339427423239562,-0.0029149948287241424,0
baseline_drift,stage28:A:680:baseline_drift:005,469.0,0.036942740978750895,0.03473288248276952,0.0004557496301977813,-0.002942741972796911,0
baseline_drift,stage28:A:680:baseline_drift:005,470.0,0.03734351182717359,0.034567931604903124,-8.569816046983583e-05,-0.002970022376371035,0
baseline_drift,stage28:A:680:baseline_drift:005,471.0,0.037737144216530856,0.03476849465251728,-0.00025492593496308474,-0.0029968168609011466,0
baseline_drift,stage28:A:680:baseline_drift:005,472.0,0.03812242011410846,0.03589139605040957,0.0005060989347018119,-0.0030231064595271475,0
baseline_drift,stage28:A:680:baseline_drift:005,473.0,0.0384981796180527,0.03575008001700941,1.1970525413413764e-05,-0.0030488724276034654,0
baseline_drift,stage28:A:680:baseline_drift:005,474.0,0.0388633229449769,0.03634374113740994,0.00026297294388588356,-0.003074096253104937,0
baseline_drift,stage28:A:680:baseline_drift:005,475.0,0.03921681209689404,0.036714760333574896,0.00030251462770517883,-0.003098759666903582,0
baseline_drift,stage28:A:680:baseline_drift:005,476.0,0.03955767222061987,0.036712846414132534,-1.8731464336132235e-05,-0.0031228446529105026,0
baseline_drift,stage28:A:680:baseline_drift:005,477.0,0.03988499267338257,0.03773730837928744,0.0006994433890708885,-0.00314633345807734,0
baseline_drift,stage28:A:680:baseline_drift:005,478.0,0.04019792780880726,0.03771624158071019,0.00038596904961583824,-0.0031692086022516845,0
baseline_drift,stage28:A:680:baseline_drift:005,479.0,0.04049569749773104,0.03733792106842721,-0.00027011064875928295,-0.0031914528878810083,0
baseline_drift,stage28:A:680:baseline_drift:005,480.0,0.040777587398457674,0.037153816062865164,-0.0007166236905506809,-0.0032130494095596973,0
baseline_drift,stage28:A:680:baseline_drift:005,481.0,0.04104294899109796,0.038249154298646316,0.00013229443988950644,-0.0032339815634139226,0
baseline_drift,stage28:A:680:baseline_drift:005,482.0,0.041291199390572395,0.0381326102523234,-0.0002141108162944037,-0.0032542330563190953,0
baseline_drift,stage28:A:680:baseline_drift:005,483.0,0.04152182095269173,0.0380041706180288,-0.0005553472108929503,-0.0032737879149448332,0
baseline_drift,stage28:A:680:baseline_drift:005,484.0,0.041734360687489994,0.03848697042283503,-0.00026783897333558754,-0.0032926304946223864,0
baseline_drift,stage28:A:680:baseline_drift:005,485.0,0.041928429493674674,0.039058208686365656,0.00012598962889790374,-0.003310745488029609,0
baseline_drift,stage28:A:680:baseline_drift:005,486.0,0.04210370122769354,0.04011932542730657,0.0010278922432032105,-0.003328117933688665,0
baseline_drift,stage28:A:680:baseline_drift:005,487.0,0.04225991162050481,0.039109418101327884,-0.0001227820305650758,-0.00334473322427173,0
baseline_drift,stage28:A:680:baseline_drift:005,488.0,0.04239685705468654,0.03897096680630246,-0.0003833621947013299,-0.0033605771147101025,0
baseline_drift,stage28:A:680:baseline_drift:005,489.0,0.04251439321404473,0.03915809463013089,-0.00029959363739385196,-0.0033756357301022006,0
baseline_drift,stage28:A:680:baseline_drift:005,490.0,0.04261243361738028,0.03934054845343462,-0.0002016558450969173,-0.0033898955734160715,0
baseline_drift,stage28:A:680:baseline_drift:005,491.0,0.04269094804756394,0.0389944891989164,-0.0006133705629678591,-0.003403343532982127,0
baseline_drift,stage28:A:680:baseline_drift:005,492.0,0.042749960886550635,0.039622834351418466,-3.185759005421849e-05,-0.0034159668897719504,0
baseline_drift,stage28:A:680:baseline_drift:005,493.0,0.04278954936644483,0.03919264861768528,-0.0004901423504155055,-0.0034277533244591323,0
baseline_drift,stage28:A:680:baseline_drift:005,494.0,0.04280984174621353,0.03976617156595613,7.387359027312427e-05,-0.003438690924258217,0
baseline_drift,stage28:A:680:baseline_drift:005,495.0,0.042811015423136554,0.03955656293816032,-0.00012684025375361182,-0.003448768189537958,0
baseline_drift,stage28:A:680:baseline_drift:005,496.0,0.042793294987586536,0.03979236064318142,0.00013601667110956008,-0.0034579740402052215,0
baseline_drift,stage28:A:680:baseline_drift:005,497.0,0.0427569502292512,0.039254140232548876,-0.0003572625515845476,-0.003466297821855984,0
baseline_drift,stage28:A:680:baseline_drift:005,498.0,0.042702294102444666,0.03975326129917485,0.00020435614626839623,-0.003473729311690012,0
baseline_drift,stage28:A:680:baseline_drift:005,499.0,0.04262968065770881,0.039459670454586926,-9.547115852879174e-06,-0.0034802587241859434,0
baseline_drift,stage28:A:680:baseline_drift:005,500.0,0.042539502946479665,0.039213668948564144,-0.00015907643097468006,-0.0034858767165336173,0
baseline_drift,stage28:A:680:baseline_drift:005,501.0,0.04243219090518834,0.038932921610003404,-0.00032700902680338537,-0.0034905743938206404,0
baseline_drift,stage28:A:680:baseline_drift:005,502.0,0.04230820922478218,0.03835302351711611,-0.0007782264441298446,-0.003494343313970301,0
baseline_drift,stage28:A:680:baseline_drift:005,503.0,0.04216805521128954,0.03893752182103197,-4.9690553054375375e-05,-0.0034971754924281004,0
baseline_drift,stage28:A:680:baseline_drift:005,504.0,0.04201225664271136,0.03837272602647355,-0.00045563110869431593,-0.0034990634065942983,0
baseline_drift,stage28:A:680:baseline_drift:005,505.0,0.04184136962720157,0.03872740081099633,7.214923011916473e-05,-0.0035,0
baseline_drift,stage28:A:680:baseline_drift:005,506.0,0.04165597646720071,0.038908615901816185,0.0004401269334747848,-0.0034999786862244878,0
baseline_drift,stage28:A:680:baseline_drift:005,507.0,0.04145668353390709,0.03794694603800679,-0.0003217402922910639,-0.0034989933525515974,0
baseline_drift,stage28:A:680:baseline_drift:005,508.0,0.041244119156208875,0.037691534708967925,-0.0003649476358280533,-0.0034970383633631348,0
baseline_drift,stage28:A:680:baseline_drift:005,509.0,0.0410189315279578,0.0374759852333086,-0.00035654999033493494,-0.003494108563267425,0
baseline_drift,stage28:A:680:baseline_drift:005,510.0,0.040781786637238686,0.03748264016512737,-0.0001148804581527805,-0.003490199279961277,0
baseline_drift,stage28:A:680:baseline_drift:005,511.0,0.04053336622107785,0.037403661913646864,5.153233209819327e-05,-0.0034853063268237665,0
baseline_drift,stage28:A:680:baseline_drift:005,512.0,0.040274365748836714,0.03725839402680021,0.00016132754316351496,-0.0034794260052403883,0
baseline_drift,stage28:A:680:baseline_drift:005,513.0,0.040005492437351416,0.03654542906739092,-0.0002876179928821234,-0.00347255510665631,0
baseline_drift,stage28:A:680:baseline_drift:005,514.0,0.03972746330070831,0.036305779369890864,-0.0002550170512012057,-0.003464690914357564,0
baseline_drift,stage28:A:680:baseline_drift:005,515.0,0.03944100323737998,0.03620368152292297,-7.736560298875049e-05,-0.0034558312049792032,0
baseline_drift,stage28:A:680:baseline_drift:005,516.0,0.039146843157294796,0.0362251826505382,0.0002306453540195614,-0.003445974249739582,0
baseline_drift,stage28:A:680:baseline_drift:005,517.0,0.038845718151265085,0.03565562991073783,-4.637886066640703e-05,-0.003435118815400065,0
baseline_drift,stage28:A:680:baseline_drift:005,518.0,0.0385383657050594,0.035520726765282645,0.0001165214595278945,-0.0034232641649496556,0
baseline_drift,stage28:A:680:baseline_drift:005,519.0,0.03822552396027057,0.03463261726724476,-0.000469253551618979,-0.0034104100580141313,0
baseline_drift,stage28:A:680:baseline_drift:005,520.0,0.03790793002400071,0.035163867564339646,0.0003681198733362486,-0.00339655675098949,0
baseline_drift,stage28:A:680:baseline_drift:005,521.0,0.037586318329256255,0.03437230260063019,-0.00011427251103182395,-0.0033817049968996125,0
baseline_drift,stage28:A:680:baseline_drift:005,522.0,0.037261419047824096,0.03451564961574664,0.0003405621348145564,-0.003365856044978228,0
baseline_drift,stage28:A:680:baseline_drift:005,523.0,0.03693395655727478,0.033373357671405424,-0.0004886551943013895,-0.003349011639975421,0
baseline_drift,stage28:A:680:baseline_drift:005,524.0,0.03660464796361857,0.03412192987382308,0.0005738583616008483,-0.003331174021189044,0
baseline_drift,stage28:A:680:baseline_drift:005,525.0,0.03627420168101829,0.033425240578115224,0.00019126616175672376,-0.0033123459212215977,0
baseline_drift,stage28:A:680:baseline_drift:005,526.0,0.03594331606984137,0.03254042558371973,-0.00037999636927234026,-0.0032925305644632566,0
baseline_drift,stage28:A:680:baseline_drift:005,527.0,0.03561267813421163,0.032412840100247274,-0.0001952624653194804,-0.003271731665301881,0
baseline_drift,stage28:A:680:baseline_drift:005,528.0,0.03528296228009868,0.03290168885297151,0.0006039973360427156,-0.0032499534260610127,0
baseline_drift,stage28:A:680:baseline_drift:005,529.0,0.034954829134858846,0.03171147235012264,-0.0002783773522224497,-0.0032272005346670007,0
baseline_drift,stage28:A:680:baseline_drift:005,530.0,0.034628924429016085,0.03179119494598583,0.0001059724204877596,-0.0032034781620465472,0
baseline_drift,stage28:A:680:baseline_drift:005,531.0,0.034305877940945126,0.0315452268657836,0.00016078802766085175,-0.0031787919592561205,0
baseline_drift,stage28:A:680:baseline_drift:005,532.0,0.03398630250499213,0.030812870819198843,-0.00027523912462478454,-0.0031531480543448313,0
baseline_drift,stage28:A:680:baseline_drift:005,533.0,0.03367079308343805,0.031167474134560353,0.00037064546808210434,-0.0031265530489525094,0
baseline_drift,stage28:A:680:baseline_drift:005,534.0,0.033359925902580544,0.030133660035056156,-0.0003775084484467738,-0.0030990140146448727,0
baseline_drift,stage28:A:680:baseline_drift:005,535.0,0.0330542576530805,0.030432985728728015,0.0002013030046016686,-0.003070538488987821,0
baseline_drift,stage28:A:680:baseline_drift:005,536.0,0.03275432475458639,0.029619726590806725,-0.00033917724187488006,-0.003041134471363034,0
baseline_drift,stage28:A:680:baseline_drift:005,537.0,0.03246064268451979,0.03006684220143197,0.00037349950463459107,-0.003010810418527203,0
baseline_drift,stage28:A:680:baseline_drift:005,538.0,0.03217370537077421,0.028881558487641144,-0.0005539295525943882,-0.0029795752399173424,0
baseline_drift,stage28:A:680:baseline_drift:005,539.0,0.03189398464794724,0.02938605630678022,0.00020025042679010108,-0.002947438292704815,0
baseline_drift,stage28:A:680:baseline_drift:005,540.0,0.031621929776598584,0.028287249574274847,-0.0006574894728586797,-0.002914409376600794,0
baseline_drift,stage28:A:680:baseline_drift:005,541.0,0.03135796702489824,0.029007325824469094,0.0002946190537025789,-0.0028804987284160553,0
baseline_drift,stage28:A:680:baseline_drift:005,542.0,0.031102499311901656,0.028588168331471688,9.806400717147534e-05,-0.00284571701637812,0
baseline_drift,stage28:A:680:baseline_drift:005,543.0,0.030855905911566693,0.02815848348423226,-0.00011881924894273764,-0.002810075334208898,0
baseline_drift,stage28:A:680:baseline_drift:005,544.0,0.03061854221650698,0.028054636036598267,-2.001250640195967e-05,-0.0027735851949661247,0
baseline_drift,stage28:A:680:baseline_drift:005,545.0,0.030390739560358107,0.02774643904445139,-0.00013602460252777954,-0.0027362585246520064,0
baseline_drift,stage28:A:680:baseline_drift:005,546.0,0.030172805097520537,0.02883719396025601,0.0011361487888855697,-0.0026981076555926253,0
baseline_drift,stage28:A:680:baseline_drift:005,547.0,0.02996502173893556,0.027477417300734483,-5.3248116893759384e-05,-0.0026591453195917774,0
baseline_drift,stage28:A:680:baseline_drift:005,548.0,0.029767648142445223,0.0276233220355515,0.0002517501757934996,-0.0026193846408630464,0
baseline_drift,stage28:A:680:baseline_drift:005,549.0,0.029580918756189768,0.02695968514795352,-0.00026430204737153064,-0.0025788391287440275,0
baseline_drift,stage28:A:680:baseline_drift:005,550.0,0.029405043913403758,0.027468456350527356,0.0003803469020658391,-0.0025375226701967665,0
baseline_drift,stage28:A:680:baseline_drift:005,551.0,0.029240209976884476,0.027076993367344978,0.00011288124421734374,-0.0024954495220985543,0
baseline_drift,stage28:A:680:baseline_drift:005,552.0,0.029086579531326928,0.026546731315495682,-0.0003054130893084983,-0.0024526343033273693,0
baseline_drift,stage28:A:680:baseline_drift:005,553.0,0.028944291621645198,0.027152908268092368,0.0004005768593752155,-0.0024090919866463626,0
baseline_drift,stage28:A:680:baseline_drift:005,554.0,0.028813462035334664,0.02658550188698345,-7.927258564670336e-05,-0.002364837890391885,0
baseline_drift,stage28:A:680:baseline_drift:005,555.0,0.028694183626868756,0.02641992935400363,-0.00016962213817488638,-0.002319887669969668,0
baseline_drift,stage28:A:680:baseline_drift:005,556.0,0.028586526682072858,0.025823411775794034,-0.0007033055208735027,-0.0022742573091638937,0
baseline_drift,stage28:A:680:baseline_drift:005,557.0,0.0284905393203726,0.02632737766411778,-0.0001489263990938003,-0.0022279631112639606,0
baseline_drift,stage28:A:680:baseline_drift:005,558.0,0.02840624793277749,0.026735650268404562,0.00029732850135063963,-0.0021810216900138833,0
baseline_drift,stage28:A:680:baseline_drift:005,559.0,0.028333657653429625,0.0262403413793167,-0.00017241728655913025,-0.002133449960389349,0
baseline_drift,stage28:A:680:baseline_drift:005,560.0,0.028272752862527024,0.026758275212929773,0.00035869339704689573,-0.0020852651292075407,0
baseline_drift,stage28:A:680:baseline_drift:005,561.0,0.02822349771841516,0.02595558721032667,-0.00044315040711354395,-0.0020364846855749543,0
baseline_drift,stage28:A:680:baseline_drift:005,562.0,0.028185836716633123,0.025796861708145716,-0.0006132906798757643,-0.0019871263911785033,0
baseline_drift,stage28:A:680:baseline_drift:005,563.0,0.02815969527370198,0.026319549187909998,-0.0001141837723267635,-0.0019372082704253047,0
baseline_drift,stage28:A:680:baseline_drift:005,564.0,0.02814498033344858,0.026220037744350718,-0.0002493295583602083,-0.001886748600436615,0
baseline_drift,stage28:A:680:baseline_drift:005,565.0,0.02814158099367229,0.026370858126752165,-0.0001460670348456249,-0.0018357659009014822,0
baseline_drift,stage28:A:680:baseline_drift:005,566.0,0.02814936915098415,0.026377334935342066,-0.00019892378519563127,-0.001784278923795727,0
baseline_drift,stage28:A:680:baseline_drift:005,567.0,0.02816820016167247,0.026398849491142528,-0.0002483537857481623,-0.0017323066429719835,0
baseline_drift,stage28:A:680:baseline_drift:005,568.0,0.028197913516483458,0.026777150414089106,4.757248197683224e-05,-0.0016798682436265614,0
baseline_drift,stage28:A:680:baseline_drift:005,569.0,0.028238333527244287,0.026944730262463024,0.00012154396828520057,-0.0016269831116489857,0
baseline_drift,stage28:A:680:baseline_drift:005,570.0,0.028289270023298993,0.026608956874569843,-0.0003188603154349517,-0.0015736708228601196,0
baseline_drift,stage28:A:680:baseline_drift:005,571.0,0.028350519055777783,0.026576397446968946,-0.00046684793890363566,-0.0015199511321448574,0
baseline_drift,stage28:A:680:baseline_drift:005,572.0,0.028421863607773247,0.026902220324257896,-0.00026701198963507354,-0.0014658439624854007,0
baseline_drift,stage28:A:680:baseline_drift:005,573.0,0.02850307430855585,0.026941974268268963,-0.00036355253437457373,-0.0014113693939012233,0
baseline_drift,stage28:A:680:baseline_drift:005,574.0,0.02859391015002228,0.028099709725827066,0.000647843915689302,-0.0013565476523018623,0
baseline_drift,stage28:A:680:baseline_drift:005,575.0,0.028694119203635814,0.027282422291873235,-0.0003255528654986826,-0.0013013990982587095,0
baseline_drift,stage28:A:680:baseline_drift:005,576.0,0.02880343933618685,0.02745616250680388,-0.0003174077539540664,-0.0012459442157020605,0
baseline_drift,stage28:A:680:baseline_drift:005,577.0,0.028921598922771966,0.027638118809301514,-0.00031023805252105197,-0.0011902036005496657,0
baseline_drift,stage28:A:680:baseline_drift:005,578.0,0.02904831755546366,0.02754124763048277,-0.000590784122144057,-0.0011341979492731269,0
baseline_drift,stage28:A:680:baseline_drift:005,579.0,0.029183306746218777,0.02807794160782944,-0.00024634188760755827,-0.0010779480474084663,0
baseline_drift,stage28:A:680:baseline_drift:005,580.0,0.029326270622649097,0.028504157219245742,-2.0635916007754018e-05,-0.0010214747580172528,0
baseline_drift,stage28:A:680:baseline_drift:005,581.0,0.029476906615356444,0.028382561930616272,-0.0003506729732678361,-0.0009647990101046888,0
baseline_drift,stage28:A:680:baseline_drift:005,582.0,0.029634906135613103,0.028339956855789338,-0.0006093200585373331,-0.0009079417870010983,0
baseline_drift,stage28:A:680:baseline_drift:005,583.0,0.02979995524224672,0.0290944834221671,-7.809842213834027e-05,-0.000850924114713241,0
baseline_drift,stage28:A:680:baseline_drift:005,584.0,0.029971735296668627,0.030303722254544932,0.0009009146466593111,-0.0007937670502519499,0
baseline_drift,stage28:A:680:baseline_drift:005,585.0,0.03014992360506274,0.029676016632698754,3.640861852940743e-05,-0.0007364916699425496,0
baseline_drift,stage28:A:680:baseline_drift:005,586.0,0.030334194046831024,0.030334654500781814,0.00045202108862592527,-0.0006791190577245537,0
baseline_drift,stage28:A:680:baseline_drift:005,587.0,0.030524217688468018,0.030146731053291624,1.5199732365828162e-05,-0.0006216702934471405,0
baseline_drift,stage28:A:680:baseline_drift:005,588.0,0.03071966338211387,0.02962479606790433,-0.0007611509764820424,-0.0005641664411668868,0
baseline_drift,stage28:A:680:baseline_drift:005,589.0,0.030920198348109974,0.03084938685048678,0.00020386258059579477,-0.0005066285374542824,0
baseline_drift,stage28:A:680:baseline_drift:005,590.0,0.03112548874095451,0.03105191237761014,0.00014200672749170755,-0.0004490775797154962,0
baseline_drift,stage28:A:680:baseline_drift:005,591.0,0.03133520019812666,0.030762405338805393,-0.00041632802886543916,-0.0003915345145358845,0
baseline_drift,stage28:A:680:baseline_drift:005,592.0,0.03154899837131829,0.031101253330791844,-0.0003503963511268146,-0.0003340202260517128,0
baseline_drift,stage28:A:680:baseline_drift:005,593.0,0.0317665494396783,0.03159271922445329,-0.00013557823323568713,-0.000276555524356549,0
baseline_drift,stage28:A:680:baseline_drift:005,594.0,0.03198752060474085,0.03210209325900762,9.377258354866403e-05,-0.00021916113394875096,0
baseline_drift,stage28:A:680:baseline_drift:005,595.0,0.032211580566771314,0.03249208356436685,0.00020071864158663702,-0.00016185768222648167,0
baseline_drift,stage28:A:680:baseline_drift:005,596.0,0.03243839998232301,0.032762517801557554,0.0001854399348384386,-0.00010466568803662363,0
baseline_drift,stage28:A:680:baseline_drift:005,597.0,0.032667651902856455,0.032942778890157225,7.766918299997356e-05,-4.760555028395485e-05,0
baseline_drift,stage28:A:680:baseline_drift:005,598.0,0.032899012194327504,0.0329413538104881,-0.0002137598003633037,9.302463393091152e-06,0
baseline_drift,stage28:A:680:baseline_drift:005,599.0,0.033132159937702146,0.033383044438710034,-6.370168749424811e-05,6.603822787378894e-05,0
baseline_drift,stage28:A:680:baseline_drift:005,600.0,0.033366777810406256,0.033999838963812486,0.00026017138506439526,0.00012258177172737888,0
baseline_drift,stage28:A:680:baseline_drift:005,601.0,0.0336025524487642,0.03366778549096588,-0.00036575695642300347,0.00017891328829999344,0
baseline_drift,stage28:A:680:baseline_drift:005,602.0,0.03383917479152466,0.03416131962106998,-0.00016672010043501274,0.0002350131467101156,0
baseline_drift,stage28:A:680:baseline_drift:005,603.0,0.03407634040461282,0.034892457072554506,0.0002696238335213076,0.00029086190274645897,0
baseline_drift,stage28:A:680:baseline_drift:005,604.0,0.03431374978728607,0.03483205860400281,-8.554340171259496e-05,0.0003464403096622171,0
baseline_drift,stage28:A:680:baseline_drift:005,605.0,0.034551108659906446,0.03598193858507309,0.0007699080893585539,0.0004017293288596949,0
baseline_drift,stage28:A:680:baseline_drift:005,606.0,0.034788128233575126,0.03568580584784489,0.000179996914004112,0.00045671014045939025,0
baseline_drift,stage28:A:680:baseline_drift:005,607.0,0.03502452546190489,0.03561368375258364,-0.00018494980707678803,0.0005113641537476438,0
baseline_drift,stage28:A:680:baseline_drift:005,608.0,0.03526002327523377,0.03589079388243369,-0.0001994129913533435,0.0005656730174970933,0
baseline_drift,stage28:A:680:baseline_drift:005,609.0,0.03549435079760852,0.03675641437514225,0.00037617650846218743,0.0006196186301541573,0
baseline_drift,stage28:A:680:baseline_drift:005,610.0,0.03572724354688848,0.036515949320479885,-0.00015249290981888836,0.0006731831498879267,0
baseline_drift,stage28:A:680:baseline_drift:005,611.0,0.03595844361834074,0.036366780050407554,-0.0005877625025718523,0.0007263490044948686,0
baseline_drift,stage28:A:680:baseline_drift:005,612.0,0.036187699852116006,0.037331055074346135,9.278657642376327e-05,0.0007790989011538536,0
baseline_drift,stage28:A:680:baseline_drift:005,613.0,0.03641476798500916,0.037838209253870485,0.00031885228817921357,0.0008314158360260858,0
baseline_drift,stage28:A:680:baseline_drift:005,614.0,0.03663941078692326,0.03790763806590457,0.00011008582476451237,0.0008832831036946038,0
baseline_drift,stage28:A:680:baseline_drift:005,615.0,0.0368613981824661,0.03846845122919719,0.0003958451040015624,0.000934684306438121,0
baseline_drift,stage28:A:680:baseline_drift:005,616.0,0.03708050735811879,0.03842216167816372,7.788362623034942e-05,0.0009856033633340478,0
baseline_drift,stage28:A:680:baseline_drift:005,617.0,0.03729652285542348,0.03927463651606283,0.0006623013246716291,0.0010360245191856504,0
baseline_drift,stage28:A:680:baseline_drift:005,618.0,0.03750923665064306,0.03865313391042405,-0.00022341862814897058,0.0010859323532683778,0
baseline_drift,stage28:A:680:baseline_drift:005,619.0,0.037718448221350606,0.03897317422490226,-0.00016353876419620202,0.001135311787890524,0
baseline_drift,stage28:A:680:baseline_drift:005,620.0,0.037923964600408575,0.03898071351560996,-0.00041189388634729247,0.0011841480967634476,0
baseline_drift,stage28:A:680:baseline_drift:005,621.0,0.03812560041779972,0.03959653370241741,-4.750094741156507e-05,0.001232426913176716,0
baseline_drift,stage28:A:680:baseline_drift:005,622.0,0.03832317793077175,0.03969156404616117,-0.00019923761126834614,0.0012801342379736365,0
baseline_drift,stage28:A:680:baseline_drift:005,623.0,0.03851652704275588,0.0398691585352831,-0.0002635648930598577,0.0013272564473227417,0
baseline_drift,stage28:A:680:baseline_drift:005,624.0,0.038705485311518524,0.040229660127991146,-0.0001399629328064008,0.0013737803002809165,0
baseline_drift,stage28:A:680:baseline_drift:005,625.0,0.038889897947000256,0.04090043077315851,0.0002990990203194567,0.001419692946143971,0
baseline_drift,stage28:A:680:baseline_drift:005,626.0,0.03906961779929343,0.04054340624996222,-0.0002842825473898657,0.0014649819315805741,0
baseline_drift,stage28:A:680:baseline_drift:005,627.0,0.03924450533720328,0.041323532509846314,0.0002749909424725769,0.0015096352075455893,0
baseline_drift,stage28:A:680:baseline_drift:005,628.0,0.039414428617832585,0.04178838796839682,0.0005246424762578142,0.0015536411359689773,0
baseline_drift,stage28:A:680:baseline_drift:005,629.0,0.03957926324762179,0.041687651997925686,0.00021448797363637781,0.0015969884962165534,0
baseline_drift,stage28:A:680:baseline_drift:005,630.0,0.039738892335269976,0.04162982642460135,-4.684217406806392e-05,0.001639666491318994,0
baseline_drift,stage28:A:680:baseline_drift:005,631.0,0.039893206436954126,0.04189920851749445,2.5069934364952302e-05,0.0016816647539656733,0
baseline_drift,stage28:A:680:baseline_drift:005,632.0,0.040042103494254536,0.04215803592975771,9.257470801745818e-05,0.001722973352259964,0
baseline_drift,stage28:A:680:baseline_drift:005,633.0,0.0401854887651868,0.04260709889551603,0.0003565673246950051,0.001763582795232822,0
baseline_drift,stage28:A:680:baseline_drift:005,634.0,0.04032327474873003,0.042127918078946315,-0.0003013343492244182,0.001803484038111605,0
baseline_drift,stage28:A:680:baseline_drift:005,635.0,0.04045538110323193,0.0428621192086635,0.00026058495278159056,0.001842668487341177,0
baseline_drift,stage28:A:680:baseline_drift:005,636.0,0.0405817345590614,0.04270606639528698,-6.122870182171738e-05,0.0018811280053545381,0
baseline_drift,stage28:A:680:baseline_drift:005,637.0,0.040702268825869095,0.04305680050070869,0.00013034001355953327,0.001918854915090303,0
baseline_drift,stage28:A:680:baseline_drift:005,638.0,0.040816924494805694,0.042645548678068766,-0.0004334146811231663,0.001955842004254547,0
baseline_drift,stage28:A:680:baseline_drift:005,639.0,0.04092564893603766,0.04294758787985785,-0.0002771560652090683,0.001992082529324632,0
baseline_drift,stage28:A:680:baseline_drift:005,640.0,0.04102839619188937,0.043936646011995824,0.0005728963406664017,0.0020275702192928055,0
baseline_drift,stage28:A:680:baseline_drift:005,641.0,0.04112512686592999,0.04349238196194493,-3.5530890514046413e-06,0.0020622992791474804,0
baseline_drift,stage28:A:680:baseline_drift:005,642.0,0.04121580800831283,0.04335699899774401,-0.0002642625734982399,0.002096264393090281,0
baseline_drift,stage28:A:680:baseline_drift:005,643.0,0.041300412997664446,0.04286041331372623,-0.0008792842636274625,0.0021294607274870503,0
baseline_drift,stage28:A:680:baseline_drift:005,644.0,0.04137892141981007,0.04386001742124239,8.799268014391498e-06,0.002161883933551192,0
baseline_drift,stage28:A:680:baseline_drift:005,645.0,0.04145131894361151,0.043869058865106024,-8.674613358801082e-05,0.0021935301497578528,0
baseline_drift,stage28:A:680:baseline_drift:005,646.0,0.04151759719418364,0.04424886330579703,0.00019541700187576135,0.002224396003987609,0
baseline_drift,stage28:A:680:baseline_drift:005,647.0,0.04157775362374479,0.04433957604186259,0.00019543942068927746,0.0022544786153984625,0
baseline_drift,stage28:A:680:baseline_drift:005,648.0,0.04163179138034703,0.04428342687272443,5.555013857172963e-05,0.0022837755960251117,0
baseline_drift,stage28:A:680:baseline_drift:005,649.0,0.04167971917472192,0.044543925632146195,0.00023925210697273887,0.002312285052104603,0
baseline_drift,stage28:A:680:baseline_drift:005,650.0,0.04172155114546788,0.04442452324666306,4.998340627464777e-05,0.0023400055851276356,0
baseline_drift,stage28:A:680:baseline_drift:005,651.0,0.04175730672279564,0.04484143723537875,0.0004039428820898622,0.0023669362926149297,0
baseline_drift,stage28:A:680:baseline_drift:005,652.0,0.04178701049103915,0.04415913765514531,-0.0003344237715398789,0.0023930767686182255,0
baseline_drift,stage28:A:680:baseline_drift:005,653.0,0.04181069205013041,0.04379407835315596,-0.0007486926202116784,0.002418427103945644,0
baseline_drift,stage28:A:680:baseline_drift:005,654.0,0.04182838587622725,0.04452439933991955,-6.07589757188591e-05,0.0024429878861112757,0
baseline_drift,stage28:A:680:baseline_drift:005,655.0,0.04184013118167534,0.044595898969681955,-2.486507421488235e-05,0.0024667601990090273,0
baseline_drift,stage28:A:680:baseline_drift:005,656.0,0.04184597177447646,0.045501521340219356,0.0008518874657675744,0.002489745622310908,0
baseline_drift,stage28:A:680:baseline_drift:005,657.0,0.04184595591742807,0.04499223476105035,0.00032041625432279103,0.002511946230590094,0
baseline_drift,stage28:A:680:baseline_drift:005,658.0,0.041840136187090204,0.0455486186062996,0.000861245126278493,0.0025333645921692505,0
baseline_drift,stage28:A:680:baseline_drift:005,659.0,0.04182856933272892,0.044484752416634694,-0.00021160661332690964,0.002554003767694749,0
baseline_drift,stage28:A:680:baseline_drift:005,660.0,0.04181131613537782,0.044433002489980424,-0.00026583745483509417,0.00257386730843759,0
baseline_drift,stage28:A:680:baseline_drift:005,661.0,0.04178844126715245,0.04517876438689832,0.0004838789651241048,0.002592959254321946,0
baseline_drift,stage28:A:680:baseline_drift:005,662.0,0.041760013150945026,0.044305773152216954,-0.0003787957711365217,0.002611284131682441,0
baseline_drift,stage28:A:680:baseline_drift:005,663.0,0.041726103820620586,0.04499498102398771,0.00032701298995966774,0.0026288469507514023,0
baseline_drift,stage28:A:680:baseline_drift:005,664.0,0.04168678878182963,0.04455601123904828,-8.9153078170526e-05,0.0026456532028774848,0
baseline_drift,stage28:A:680:baseline_drift:005,665.0,0.04164214687354553,0.04432107418321746,-0.0002951689895255626,0.0026617088574772047,0
baseline_drift,stage28:A:680:baseline_drift:005,666.0,0.04159226013042988,0.044071709400903214,-0.0005095842939300792,0.0026770203587210793,0
baseline_drift,stage28:A:680:baseline_drift:005,667.0,0.0415372136461226,0.04413005793848232,-0.00041035059234242075,0.002691594621956213,0
baseline_drift,stage28:A:680:baseline_drift:005,668.0,0.04147709543754874,0.04497700539488187,0.00048332165427703787,0.002705439029867318,0
baseline_drift,stage28:A:680:baseline_drift:005,669.0,0.04141199631032873,0.04371104004627794,-0.0007301786106376897,0.0027185614283782894,0
baseline_drift,stage28:A:680:baseline_drift:005,670.0,0.04134200972537311,0.0440411115126071,-0.00034200423398499547,0.002730970122296624,0
baseline_drift,stage28:A:680:baseline_drift:005,671.0,0.04126723166673914,0.04415065242507315,-0.0001688280477440052,0.002742673870703095,0
baseline_drift,stage28:A:680:baseline_drift:005,672.0,0.04118776051082131,0.04403392324658878,-0.00021649791187953056,0.0027536818820892367,0
baseline_drift,stage28:A:680:baseline_drift:005,673.0,0.04110369689694373,0.04412122648377338,-5.482236685393355e-05,0.0027640038092453484,0
baseline_drift,stage28:A:680:baseline_drift:005,674.0,0.0410151435994181,0.043984075650275546,-0.00011240153604414494,0.0027736497439018494,0
baseline_drift,stage28:A:680:baseline_drift:005,675.0,0.04092220540112718,0.04379449531437318,-0.00021732694517437735,0.002782630211126956,0
baseline_drift,stage28:A:680:baseline_drift:005,676.0,0.04082498896868943,0.042880517234273795,-0.0010416852554010888,0.002790956163483806,0
baseline_drift,stage28:A:680:baseline_drift:005,677.0,0.040723602729257596,0.043736811037006884,-9.092745421478523e-05,0.0027986389749502507,0
baseline_drift,stage28:A:680:baseline_drift:005,678.0,0.04061815674899966,0.04432353409614554,0.0005949811510263894,0.002805690434604717,0
baseline_drift,stage28:A:680:baseline_drift:005,679.0,0.0405087626133081,0.043904824864189264,0.00028005439271346354,0.002812122740081617,0
baseline_drift,stage28:A:680:baseline_drift:005,680.0,0.04039553330877953,0.04272605484251391,-0.0007904626613863997,0.0028179484907999617,0
baseline_drift,stage28:A:680:baseline_drift:005,681.0,0.04027858310700426,0.043628349906629366,0.00022442774120450136,0.002823180680968928,0
baseline_drift,stage28:A:680:baseline_drift:005,682.0,0.0401580274502023,0.04299266322492328,-0.00029445092114633036,0.002827832692374251,0
baseline_drift,stage28:A:680:baseline_drift:005,683.0,0.04003398283873939,0.04355962657891136,0.0003934019968251897,0.0028319182869494747,0
baseline_drift,stage28:A:680:baseline_drift:005,684.0,0.039906566720554364,0.04289809933337246,-0.00014328660354322157,0.002835451599136148,0
baseline_drift,stage28:A:680:baseline_drift:005,685.0,0.03977589738252622,0.04333709787457406,0.00042436599067971595,0.0028384471280372492,0
baseline_drift,stage28:A:680:baseline_drift:005,686.0,0.03964209384380748,0.04307571992511422,0.00029532273437660796,0.002840919729368148,0
baseline_drift,stage28:A:680:baseline_drift:005,687.0,0.039505275751147276,0.043089828490604734,0.00044531088477376096,0.002842884607209619,0
baseline_drift,stage28:A:680:baseline_drift:005,688.0,0.039365563276226215,0.042396225815528946,-0.00010900393082536438,0.002844357305567453,0
baseline_drift,stage28:A:680:baseline_drift:005,689.0,0.03922307701502275,0.04155228252113113,-0.0008103884671330932,0.0028453536997433584,0
baseline_drift,stage28:A:680:baseline_drift:005,690.0,0.03907793788922834,0.041612696384080085,-0.0006042829740765529,0.002845889987521963,0
baseline_drift,stage28:A:680:baseline_drift:005,691.0,0.03893026704972743,0.041836712718955955,-0.00023158070807474638,0.002845982680178772,0
baseline_drift,stage28:A:680:baseline_drift:005,692.0,0.038780185782155994,0.04176999575407526,-0.00014675645189751594,0.002845648593314121,0
baseline_drift,stage28:A:680:baseline_drift:005,693.0,0.03862781541455086,0.04167999641922287,-8.249862455508107e-05,0.00284490483751815,0
baseline_drift,stage28:A:680:baseline_drift:005,694.0,0.03847327722709999,0.04191855161013092,0.0003128900836063382,0.0028437688088720587,0
baseline_drift,stage28:A:680:baseline_drift:005,695.0,0.03831669236400298,0.04155805835147041,0.00011166697235411565,0.0028422581792908372,0
baseline_drift,stage28:A:680:baseline_drift:005,696.0,0.03815818174744851,0.041551584980480304,0.0002667606116765673,0.0028403908867128983,0
baseline_drift,stage28:A:680:baseline_drift:005,697.0,0.03799786599371495,0.04219105753849149,0.0010699573277936944,0.0028381851251420144,0
baseline_drift,stage28:A:680:baseline_drift:005,698.0,0.03783586533139786,0.04182110870597293,0.0008657502306895399,0.0028356593345471,0
baseline_drift,stage28:A:680:baseline_drift:005,699.0,0.03767229952176803,0.04138817705860726,0.0006004385606639619,0.0028328321906254685,0
baseline_drift,stage28:A:680:baseline_drift:005,700.0,0.03750728778126097,0.03962390434879665,-0.0009944749417019974,0.0028297225944351988,0
baseline_drift,stage28:A:680:baseline_drift:005,701.0,0.03734094870609823,0.04115404519749902,0.000706625742727098,0.0028263496619024228,0
baseline_drift,stage28:A:680:baseline_drift:005,702.0,0.037173400199039655,0.03976952282504299,-0.0005054742731348589,0.0028227327132093086,0
baseline_drift,stage28:A:680:baseline_drift:005,703.0,0.03700475939826481,0.04060194281288274,0.0005006930615369232,0.002818891262068672,0
baseline_drift,stage28:A:680:baseline_drift:005,704.0,0.03683514260837889,0.0396731155500421,-0.0002531987377333578,0.0028148450048911373,0
baseline_drift,stage28:A:680:baseline_drift:005,705.0,0.03666466523353989,0.03990090574485789,0.00015057889933009708,0.002810613809850877,0
baseline_drift,stage28:A:680:baseline_drift:005,706.0,0.03649344171270076,0.03981335136928294,0.00023992861833080204,0.0028062177058560127,0
baseline_drift,stage28:A:680:baseline_drift:005,707.0,0.036321585456959765,0.03968468673549829,0.00028895029105081805,0.0028016768714297633,0
baseline_drift,stage28:A:680:baseline_drift:005,708.0,0.036149208789011324,0.039062351800377614,-0.0001550496078796788,0.002797011623508562,0
baseline_drift,stage28:A:680:baseline_drift:005,709.0,0.03597642288468879,0.038261585750545946,-0.0007769643457491382,0.0027922424061633056,0
baseline_drift,stage28:A:680:baseline_drift:005,710.0,0.035803337716589,0.03902596808798955,0.00016665422199295545,0.0027873897792500568,0
baseline_drift,stage28:A:680:baseline_drift:005,711.0,0.035630061999767725,0.03868848478251384,8.66187031943486e-06,0.002782474406996443,0
baseline_drift,stage28:A:680:baseline_drift:005,712.0,0.03545670313949498,0.03951511304091188,0.001014906837902162,0.002777517046530135,0
baseline_drift,stage28:A:680:baseline_drift:005,713.0,0.035283367181056645,0.03853639768867212,0.00021580627091776066,0.002772538536355739,0
baseline_drift,stage28:A:680:baseline_drift:005,714.0,0.03511015876158957,0.03842515517800868,0.0002840502911724705,0.0027675597847865155,0
baseline_drift,stage28:A:680:baseline_drift:005,715.0,0.03493718106393536,0.03694937549775719,-0.0010124960359026549,0.0027626017583373577,0
baseline_drift,stage28:A:680:baseline_drift:005,716.0,0.0347645357724975,0.03803155531625859,0.00024854049774541954,0.0027576854700854378,0
baseline_drift,stage28:A:680:baseline_drift:005,717.0,0.03459232303108638,0.03768320246936866,7.854578493768875e-05,0.002752831968005025,0
baseline_drift,stage28:A:680:baseline_drift:005,718.0,0.0344206414027341,0.03746833597598361,4.141847095986981e-05,0.0027480623232829155,0
baseline_drift,stage28:A:680:baseline_drift:005,719.0,0.03424958783146255,0.03763231168183177,0.00038239564757027095,0.002743397618620991,0
baseline_drift,stage28:A:680:baseline_drift:005,720.0,0.03407925760598553,0.03660200344864218,-0.00047176590955759577,0.0027388589365323697,0
baseline_drift,stage28:A:680:baseline_drift:005,721.0,0.03390974432532577,0.03772374333452339,0.0008251504858884599,0.002734467347637672,0
baseline_drift,stage28:A:680:baseline_drift:005,722.0,0.03374113986632724,0.035816288283618075,-0.0009082118350575878,0.0027302438989678882,0
baseline_drift,stage28:A:680:baseline_drift:005,723.0,0.03357353435304142,0.036860582311913116,0.0003089793316975903,0.002726209602280329,0
baseline_drift,stage28:A:680:baseline_drift:005,724.0,0.03340701612796637,0.036226896428385474,-0.0001531149749064034,0.0027223854223941825,0
baseline_drift,stage28:A:680:baseline_drift:005,725.0,0.033241671725117175,0.03650239196235361,0.0002925584850378207,0.002718792265552099,0
baseline_drift,stage28:A:680:baseline_drift:005,726.0,0.033077585844903695,0.036405255148421,0.0003640797742654413,0.0027154509678143208,0
baseline_drift,stage28:A:680:baseline_drift:005,727.0,0.03291484133079311,0.035654439268815,-0.00021970204424219701,0.0027123822834917506,0
baseline_drift,stage28:A:680:baseline_drift:005,728.0,0.03275351914773362,0.035710689862027634,1.8563346428868412e-06,0.0027096068736244205,0
baseline_drift,stage28:A:680:baseline_drift:005,729.0,0.03259369836231345,0.035349656321978506,-0.00019569591118219904,0.0027071452945117273,0
baseline_drift,stage28:A:680:baseline_drift:005,730.0,0.032435456124630835,0.03435988220298065,-0.0010239133964077124,0.002705017986300815,0
baseline_drift,stage28:A:680:baseline_drift:005,731.0,0.0322788676518493,0.034504143352433445,-0.0007201163677031291,0.0027032452616394488,0
baseline_drift,stage28:A:680:baseline_drift:005,732.0,0.032124006213411396,0.03560191082343393,0.0005350722350676587,0.0027018472943996473,0
baseline_drift,stage28:A:680:baseline_drift:005,733.0,0.0319709431178843,0.03468413487419682,-0.00022748919728121121,0.0027008441084783856,0
baseline_drift,stage28:A:680:baseline_drift:005,734.0,0.03181974770141028,0.03445242569583028,-0.00030628019272951966,0.0027002555666815185,0
baseline_drift,stage28:A:680:baseline_drift:005,735.0,0.03167048731773352,0.034041689126558555,-0.0005664824627538115,0.0027001013596971678,0
baseline_drift,stage28:A:680:baseline_drift:005,736.0,0.03152322732977601,0.033959424286527255,-0.0005006822481036707,0.0027004009951646342,0
baseline_drift,stage28:A:680:baseline_drift:005,737.0,0.03137803110273263,0.03449675454803132,0.00018216066921244737,0.00270117378684493,0
baseline_drift,stage28:A:680:baseline_drift:005,738.0,0.031234959998657552,0.03417506275464635,3.3482012345239102e-06,0.0027024388438989643,0
baseline_drift,stage28:A:680:baseline_drift:005,739.0,0.03109407337251146,0.03433965255947418,0.000308105306887298,0.0027042150602792645,0
baseline_drift,stage28:A:680:baseline_drift:005,740.0,0.030955428569640335,0.03413795736672391,0.0002437889465901467,0.0027065211042412237,0
baseline_drift,stage28:A:680:baseline_drift:005,741.0,0.030819080924655677,0.03349136296106738,-0.00026828927689570965,0.0027093754079795937,0
baseline_drift,stage28:A:680:baseline_drift:005,742.0,0.030685083761684766,0.0329833282277181,-0.000644742388408045,0.002712796157396054,0
baseline_drift,stage28:A:680:baseline_drift:005,743.0,0.030553488395961614,0.0338937924484083,0.00039429926408630575,0.002716801282003495,0
baseline_drift,stage28:A:680:baseline_drift:005,744.0,0.030424344136726032,0.0338920042084935,0.0005180169236285677,0.0027214084449726367,0
baseline_drift,stage28:A:680:baseline_drift:005,745.0,0.030297698291400648,0.033196630333853616,-5.498763323371324e-05,0.0027266350333265054,0
baseline_drift,stage28:A:680:baseline_drift:005,746.0,0.030173596171013513,0.03344077272375767,0.00030832474060698466,0.0027324981482882067,0
baseline_drift,stage28:A:680:baseline_drift:005,747.0,0.03005208109683516,0.03262149790462566,-0.00039503988061324256,0.0027390145957873592,0
baseline_drift,stage28:A:680:baseline_drift:005,748.0,0.029933194408197576,0.03264997936851065,-0.0002539661555956215,0.0027462008771304636,0
baseline_drift,stage28:A:680:baseline_drift:005,749.0,0.029816975471463954,0.033327283502864506,0.0005325564539105094,0.0027540731798403684,0
baseline_drift,stage28:A:680:baseline_drift:005,750.0,0.02970346169011602,0.03322512307688815,0.0005361871682812752,0.0027626473686699383,0
baseline_drift,stage28:A:680:baseline_drift:005,751.0,0.029592688515926814,0.03299474483399653,0.0004081214800338413,0.002771938976794904,0
baseline_drift,stage28:A:680:baseline_drift:005,752.0,0.029484689461187503,0.032657815024531134,0.00016997668284340786,0.002781963197190776,0
baseline_drift,stage28:A:680:baseline_drift:005,753.0,0.029379496111954846,0.032650306525306934,0.000257678986177581,0.002792734874198631,0
baseline_drift,stage28:A:680:baseline_drift:005,754.0,0.029277138142286815,0.03263115412021296,0.0003301187897951843,0.002804268495284424,0
baseline_drift,stage28:A:680:baseline_drift:005,755.0,0.029177643329434576,0.03244027545121372,0.00022717162748432147,0.002816578182996422,0
baseline_drift,stage28:A:680:baseline_drift:005,756.0,0.029081037569958182,0.032395259313225476,0.00026638645354204373,0.0028296776871252296,0
baseline_drift,stage28:A:680:baseline_drift:005,757.0,0.028987344896733318,0.031530525473952395,-0.0005178545468907953,0.002843580377070723,0
baseline_drift,stage28:A:680:baseline_drift:005,758.0,0.028896587496816742,0.031695882340238735,-0.0002757783020549071,0.0028582992344201733,0
baseline_drift,stage28:A:680:baseline_drift:005,759.0,0.02880878573013885,0.031985401918176413,8.665409490881278e-05,0.0028738468457416544,0
baseline_drift,stage28:A:680:baseline_drift:005,760.0,0.028723958148990612,0.03213832642742599,0.00030865398763441597,0.00289023539559674,0
baseline_drift,stage28:A:680:baseline_drift:005,761.0,0.028642121518273153,0.031066658896073504,-0.0006978042622496218,0.0029074766597763702,0
baseline_drift,stage28:A:680:baseline_drift:005,762.0,0.02856329083647803,0.031619690305849865,-8.34561445014223e-05,0.002925581998763645,0
baseline_drift,stage28:A:680:baseline_drift:005,763.0,0.02848747935736692,0.032323996233412054,0.000678249625479809,0.002944562351427174,0
baseline_drift,stage28:A:680:baseline_drift:005,764.0,0.02841469861231897,0.03150949007142854,-8.279568870324237e-05,0.0029644282289484703,0
baseline_drift,stage28:A:680:baseline_drift:005,765.0,0.028344958433314506,0.03151198199942725,-3.080189091891381e-05,0.0029851897089867847,0
baseline_drift,stage28:A:680:baseline_drift:005,766.0,0.028278266976524608,0.030713204838687686,-0.0007840540157865124,0.003006856430084594,0
baseline_drift,stage28:A:680:baseline_drift:005,767.0,0.02821463074647574,0.03281355587280624,0.0013578294728938186,0.003029437586316867,0
baseline_drift,stage28:A:680:baseline_drift:005,768.0,0.028154054620758248,0.03116520198343451,-0.0002529982019104019,0.003052941922187069,0
baseline_drift,stage28:A:680:baseline_drift:005,769.0,0.028096541875249903,0.031182626766892586,-0.00020206503440910623,0.0030773777277727427,0
baseline_drift,stage28:A:680:baseline_drift:005,770.0,0.028042094209823773,0.030871238161817416,-0.00048397262963984,0.0031027528341233575,0
baseline_drift,stage28:A:680:baseline_drift:005,771.0,0.02799071177451134,0.03180053619287568,0.00047077151823303335,0.0031290746089129825,0
baseline_drift,stage28:A:680:baseline_drift:005,772.0,0.027942393196091667,0.03183890213877718,0.0005305431712331819,0.003156349952350202,0
baseline_drift,stage28:A:680:baseline_drift:005,773.0,0.027897135605077766,0.030642371400069486,-0.0006486258079912918,0.0031845852933475366,0
baseline_drift,stage28:A:680:baseline_drift:005,774.0,0.02785493466307256,0.031446891945259084,0.00016921096596107452,0.0032137865859524955,0
baseline_drift,stage28:A:680:baseline_drift:005,775.0,0.027815784590465166,0.03105124834985577,-0.0002171615843092353,0.0032439593060422534,0
baseline_drift,stage28:A:680:baseline_drift:005,776.0,0.027779678194441618,0.031203609279775724,-5.957254078060272e-05,0.003275108448283774,0
baseline_drift,stage28:A:680:baseline_drift:005,777.0,0.027746606897281388,0.032120050517026995,0.0008580580099391281,0.0033072385233610725,0
baseline_drift,stage28:A:680:baseline_drift:005,778.0,0.02771656076491432,0.031319646413208044,5.481040384411746e-05,0.0033403535554711494,0
baseline_drift,stage28:A:680:baseline_drift:005,779.0,0.02768958253185872,0.031310326176492716,3.856725853180132e-05,0.0033744570800900153,0
baseline_drift,stage28:A:680:baseline_drift:005,780.0,0.02766908076968327,0.030884213183596965,-0.0004019852357691142,0.003409552142009992,0
