material_id,true_thickness_nm,scenario,method,n,mean_AE_nm,median_AE_nm,q90_AE_nm,q95_AE_nm,max_AE_nm,boundary_count,non_ok_count,convergence_count
A,380.0,baseline_drift,E0,200,3.0573690413926777,2.8654795188482183,5.076646438040926,5.695781846066356,7.54877683041542,0,0,200
A,380.0,baseline_drift,E1,200,3.0468070775322036,2.847484270532817,5.04833216179573,5.7247332866920235,7.435507046448208,0,0,200
A,380.0,baseline_drift,E3,200,3.044719516818108,2.8450901675836633,5.048285671453772,5.726214810371622,7.427821039916694,0,0,200
A,380.0,gaussian,E0,200,0.2568085508210757,0.19909783869135816,0.5836863367911803,0.6483313522735439,0.8457098446961027,0,0,200
A,380.0,gaussian,E1,200,0.2692722311157692,0.2118718363043683,0.5800871550698388,0.6905378522971801,0.8837163212361929,0,0,200
A,380.0,gaussian,E3,200,0.2692923902639214,0.2122101030494718,0.5794607187011024,0.692985214211967,0.8862352230815418,0,0,200
A,380.0,impulsive,E0,200,0.7712529143719976,0.5577106510410204,1.7975537220199724,2.0368279880819347,3.449028953590414,0,0,200
A,380.0,impulsive,E1,200,0.1550546663031525,0.1204090012636243,0.3259447808790184,0.3889856664541011,0.903659152516127,0,0,200
A,380.0,impulsive,E3,200,0.14101257624221797,0.12676181784388516,0.2852453762764923,0.3317252342481622,0.4679666215662337,0,0,200
A,380.0,mixed,E0,200,5.066652255655023,3.038277967873171,5.898062058129637,6.8288413400161,193.64780037511912,0,0,200
A,380.0,mixed,E1,200,2.980457509736894,2.781109101778071,5.159410171669355,6.15458375305323,7.19782346459175,0,0,200
A,380.0,mixed,E3,200,2.990598871296503,2.8322709453654227,5.090528552851157,6.086617083132482,7.189814136976963,0,0,200
A,520.0,baseline_drift,E0,200,3.359173017083748,3.2716024619230097,4.867728332247361,5.392443302193532,7.475049737249378,0,0,200
A,520.0,baseline_drift,E1,200,3.508682907062721,3.431598836058356,5.100597875109361,5.596774861749263,7.8805702495264995,0,0,200
A,520.0,baseline_drift,E3,200,3.6618738518858795,3.5893282968286826,5.41608784794763,6.052990948898474,8.460616976532663,0,0,200
A,520.0,gaussian,E0,200,0.2095072381824053,0.17031005927043444,0.44785980158876554,0.5199587650846349,1.0501726475213218,0,0,200
A,520.0,gaussian,E1,200,0.2219080200566486,0.18848917935690673,0.4405847928620687,0.5230410982648658,1.0156657440926438,0,0,200
A,520.0,gaussian,E3,200,0.22222398795615272,0.1893238412033042,0.4405527722868214,0.5240967428904293,1.0130253281816977,0,0,200
A,520.0,impulsive,E0,200,0.7357662947032844,0.7033666822697455,1.3693239508192958,1.6218435834536642,2.6443021602848376,0,0,200
A,520.0,impulsive,E1,200,0.12996491458297496,0.11656890358574395,0.27438800231298044,0.31097975551260215,0.439487537943819,0,0,200
A,520.0,impulsive,E3,200,0.12232255810309535,0.1088444053871171,0.25008361121448386,0.29297315763122334,0.482448222845278,0,0,200
A,520.0,mixed,E0,200,3.4402286784847753,3.2120861990385947,5.953396863896728,6.7239305649735055,8.853974605272242,0,0,200
A,520.0,mixed,E1,200,3.457103345851426,3.139210084458284,5.463996819900672,5.991915969954377,7.661900402276615,0,0,200
A,520.0,mixed,E3,200,3.4444540844667206,3.036807974152623,5.314962441453542,6.070403117207865,7.79886286610656,0,0,200
A,680.0,baseline_drift,E0,200,0.8293949239655081,0.7764773682193891,1.3429902475944118,1.6331165442699611,1.8144912001271225,0,0,200
A,680.0,baseline_drift,E1,200,0.9174618252786314,0.8542140239971445,1.5356630199118853,1.8563242569660925,2.1262101538748084,0,0,200
A,680.0,baseline_drift,E3,200,0.9632008093030692,0.8697596578575144,1.7197853683562014,2.0653954573581292,2.6890810316563147,0,0,200
A,680.0,gaussian,E0,200,0.21637417868970826,0.18423334307237835,0.4676590733623811,0.5053209170213616,0.7720543075624846,0,0,200
A,680.0,gaussian,E1,200,0.22720947713726783,0.1902968820596129,0.4830564780415102,0.5153489585432282,0.8778225278600758,0,0,200
A,680.0,gaussian,E3,200,0.22753764937194373,0.19009961150175053,0.4836296906445682,0.5137386528666639,0.8789904746761295,0,0,200
A,680.0,impulsive,E0,200,0.6840084888825799,0.5703621974535054,1.3826952182078571,1.579509612329175,2.584047532217596,0,0,200
A,680.0,impulsive,E1,200,0.1164931744392555,0.092674487475449,0.2593282985210975,0.3001479356404842,0.384648171071035,0,0,200
A,680.0,impulsive,E3,200,0.113012797568536,0.0842165643826433,0.25254242629091544,0.2828782711054827,0.3750727520556438,0,0,200
A,680.0,mixed,E0,200,1.222185970111334,0.8980709681799794,2.6949175642929846,3.2128978291288828,4.797767540440304,0,0,200
A,680.0,mixed,E1,200,0.9210451018223984,0.8696499772987636,1.6812131095256178,1.8256812449585138,2.6592714963483104,0,0,200
A,680.0,mixed,E3,200,0.9117156756213864,0.8658516174702982,1.5828249112626054,1.7992476052921058,2.5606551365649466,0,0,200
B,380.0,baseline_drift,E0,200,0.1295324906119296,0.1180148324879155,0.21425160137887356,0.24908595424984406,0.3131826020933772,0,0,200
B,380.0,baseline_drift,E1,200,0.12846555139643923,0.11689387665950329,0.21369075848414806,0.248552922493485,0.3124671807022992,0,0,200
B,380.0,baseline_drift,E3,200,0.12834145880568568,0.11674440778395476,0.21369768794662033,0.24842827170357668,0.3122736828402708,0,0,200
B,380.0,gaussian,E0,200,0.014519798988445933,0.012675976036661,0.03077008099462542,0.035247433562633955,0.0680176053820105,0,0,200
B,380.0,gaussian,E1,200,0.014584336624163776,0.011323327423525549,0.03176488720298491,0.03633688636212178,0.0684602227415211,0,0,200
B,380.0,gaussian,E3,200,0.014604058874140784,0.01107025014621845,0.03179508318387999,0.03634248530479449,0.0683497002255535,0,0,200
B,380.0,impulsive,E0,200,0.03818120813486753,0.03532850370649495,0.0786032622220034,0.08869518351937122,0.162344969118692,0,0,200
B,380.0,impulsive,E1,200,0.007814394873473369,0.0063003303484094,0.01608416303851071,0.020031064320880785,0.0499084858086007,0,0,200
B,380.0,impulsive,E3,200,0.007251650837249549,0.0064914743857684,0.01457764955192714,0.016270205957971417,0.0225745684701905,0,0,200
B,380.0,mixed,E0,200,0.14140684091442007,0.12500745369339936,0.2678828172213116,0.29731971952300557,0.4035108020080429,0,0,200
B,380.0,mixed,E1,200,0.13740503317071867,0.1352953584463705,0.2251590456773499,0.25924784168201426,0.329655766417261,0,0,200
B,380.0,mixed,E3,200,0.13781886976223087,0.1357613632477239,0.22253299266066617,0.26071534586260436,0.3271849158667805,0,0,200
B,520.0,baseline_drift,E0,200,0.15082749846885118,0.14748277685367833,0.21914962500441104,0.23234555901401555,0.3002688538678058,0,0,200
B,520.0,baseline_drift,E1,200,0.16496985426993088,0.1564780907892782,0.24675881104180913,0.2580689852585237,0.3251124475525557,0,0,200
B,520.0,baseline_drift,E3,200,0.17797576010696273,0.17110793270137487,0.2913239721881041,0.3107473332754236,0.3940675959447617,0,0,200
B,520.0,gaussian,E0,200,0.012092826606992681,0.00965583792049065,0.02528795466107562,0.028190635017205014,0.0461790961941233,0,0,200
B,520.0,gaussian,E1,200,0.012260188477751465,0.0098208419816501,0.02595740659426152,0.029598763800339548,0.0427394191347048,0,0,200
B,520.0,gaussian,E3,200,0.012198326612023556,0.0096728034516786,0.025829092737228568,0.0297217111326289,0.0429190760439723,0,0,200
B,520.0,impulsive,E0,200,0.034001355566617764,0.029270165199989102,0.07678787392002273,0.0838409036177381,0.1231910355546688,0,0,200
B,520.0,impulsive,E1,200,0.0059560657990379694,0.00527042871448195,0.012137501803397259,0.013185820707326431,0.0210299969608058,0,0,200
B,520.0,impulsive,E3,200,0.004984214844487797,0.0045395813592108,0.01124556432095004,0.013291806159980974,0.0168958748291743,0,0,200
B,520.0,mixed,E0,200,0.1509281390163238,0.14652850011634655,0.24994219634594392,0.28720348351630487,0.3473121777902861,0,0,200
B,520.0,mixed,E1,200,0.1588231433773461,0.15644269188305765,0.23996883330784152,0.2587906427041332,0.2984132687844294,0,0,200
B,520.0,mixed,E3,200,0.15842552989208852,0.1530276227539957,0.24253294396156652,0.2620431984475544,0.3287874551014056,0,0,200
B,680.0,baseline_drift,E0,200,0.04798463244931038,0.0450077027832094,0.0740368638343624,0.08117108001855505,0.0935123134149762,0,0,200
B,680.0,baseline_drift,E1,200,0.053889154386637265,0.050023281104017756,0.08632257158727721,0.0959660161225997,0.1131521702868667,0,0,200
B,680.0,baseline_drift,E3,200,0.059806960661797415,0.05135318632841285,0.09863617547331384,0.12269659035302975,0.2198571283644241,0,0,200
B,680.0,gaussian,E0,200,0.012368234196098863,0.01058535613736915,0.02406206492923951,0.02898878973045376,0.0372078796516461,0,0,200
B,680.0,gaussian,E1,200,0.012711853018279791,0.01169741013410425,0.02484165237499381,0.028190061914216254,0.0380861019696112,0,0,200
B,680.0,gaussian,E3,200,0.012636587699002413,0.011588030266352651,0.02481424289139789,0.028208819254945092,0.0384040588878633,0,0,200
B,680.0,impulsive,E0,200,0.036622567642158925,0.03266575780429545,0.073767408980666,0.08334804144871541,0.1328279525597508,0,0,200
B,680.0,impulsive,E1,200,0.0061157660527504255,0.0050922390086043,0.012251335630230618,0.014340643766399723,0.0212824985827637,0,0,200
B,680.0,impulsive,E3,200,0.004429085768717261,0.0033941047140615003,0.01013694002116373,0.012529110443801974,0.0224914171311638,0,0,200
B,680.0,mixed,E0,200,0.06616223709075877,0.050689338904533046,0.14107110144846038,0.16739136803050758,0.228579162381493,0,0,200
B,680.0,mixed,E1,200,0.050030849464918065,0.04425964005139345,0.08897455362217666,0.10170166286225131,0.158319456377967,0,0,200
B,680.0,mixed,E3,200,0.04915941459632104,0.0440735598523929,0.08657912683128184,0.10501094696213042,0.1382295562135596,0,0,200
C,380.0,baseline_drift,E0,200,7.964833599202807,7.549437262864899,12.175492934257266,14.339295829130116,17.59262348782437,0,0,200
C,380.0,baseline_drift,E1,200,7.946869304105551,7.575690415047262,12.070901712750212,14.561193636160331,17.827080601609737,0,0,200
C,380.0,baseline_drift,E3,200,7.938121704924813,7.575298798193302,12.063711341934157,14.479040410042105,17.83687797386426,0,0,200
C,380.0,gaussian,E0,200,0.4524292791872969,0.3791752627466564,0.9611668238813819,1.1051534345374525,1.795232810032644,0,0,200
C,380.0,gaussian,E1,200,0.4694483034563515,0.399802884474326,0.971380261388009,1.1482651541465794,1.7087786224216757,0,0,200
C,380.0,gaussian,E3,200,0.46995400027214,0.3990511761315929,0.9775883860195108,1.1543952649168367,1.6994638952845662,0,0,200
C,380.0,impulsive,E0,200,7.428567543983126,1.0871539774372252,3.180311491759437,3.9164028869772154,181.36072214536568,0,0,200
C,380.0,impulsive,E1,200,0.27927654577219696,0.2644458597442849,0.526724182519996,0.6069420356687796,1.1014629067935289,0,0,200
C,380.0,impulsive,E3,200,0.22474632953142812,0.19438885429588026,0.4592433606729855,0.517050832476957,0.6878462895959956,0,0,200
C,380.0,mixed,E0,200,32.629878272936246,9.439463062764245,179.55426869352624,187.63781929775814,319.99997973791926,1,1,199
C,380.0,mixed,E1,200,8.604162232215526,8.092213596542479,13.31329444593501,15.125916053254782,18.898557430886285,0,0,200
C,380.0,mixed,E3,200,8.602080031297566,7.951372401650929,13.42447621962348,15.248999328060032,18.64027770053684,0,0,200
C,520.0,baseline_drift,E0,200,4.847963387240005,4.763111623072973,7.659190584952477,8.516481380605965,10.639141153786966,0,0,200
C,520.0,baseline_drift,E1,200,5.211623924965206,5.1446261908789666,8.37100668904889,9.108656981745801,11.629947364336942,0,0,200
C,520.0,baseline_drift,E3,200,5.6105271865315345,5.32967359142458,9.368589277856751,10.385026442199043,13.340140815031134,0,0,200
C,520.0,gaussian,E0,200,0.41491183997608516,0.35484418066573653,0.8717451105029909,1.0456075643845841,1.5586058354797387,0,0,200
C,520.0,gaussian,E1,200,0.4317202571433086,0.34497578626672976,0.9256787499963252,1.0767809381466629,1.71439079161496,0,0,200
C,520.0,gaussian,E3,200,0.43240104972943016,0.34635788948997964,0.9303538230254956,1.0802473595741893,1.73702403102061,0,0,200
C,520.0,impulsive,E0,200,1.3304456021332982,1.1405396928137748,2.643754571087811,2.9781974607183423,5.311149909633627,0,0,200
C,520.0,impulsive,E1,200,0.2253237252729735,0.18308360680163105,0.43178663137033474,0.5747100720586559,1.147791303073177,0,0,200
C,520.0,impulsive,E3,200,0.2099613786937766,0.16266273011405014,0.4430861442306991,0.5245273391900919,0.8481197272074041,0,0,200
C,520.0,mixed,E0,200,5.152174479588564,4.712341865516294,10.619921134381018,11.700267174010007,16.373534848649,0,0,200
C,520.0,mixed,E1,200,5.091701363026233,4.846633001990028,8.379020316084574,9.414506190519216,13.355565469345436,0,0,200
C,520.0,mixed,E3,200,5.055754309715252,4.697954959775473,8.7221574400421,9.627891043358538,13.028054413182986,0,0,200
C,680.0,baseline_drift,E0,200,1.8652467691717038,1.8342195422727627,2.744476533342822,3.0998475180009444,3.5432629859376448,0,0,200
C,680.0,baseline_drift,E1,200,2.0623924128006843,2.0078084527949613,3.1133199277982953,3.558982753947952,4.047924067346003,0,0,200
C,680.0,baseline_drift,E3,200,2.1202020621470945,2.041832786903342,3.208211571315189,3.735229105194685,4.56644962635346,0,0,200
C,680.0,gaussian,E0,200,0.41931801642648736,0.3667151623913014,0.8540757432865462,0.9778768445579658,1.4919237165287311,0,0,200
C,680.0,gaussian,E1,200,0.42461953999293484,0.3808373709907187,0.9227570788228604,1.064832060728446,1.509389332907176,0,0,200
C,680.0,gaussian,E3,200,0.42485603415281786,0.38414356846391223,0.9281567828881973,1.0521758224901758,1.5070368989277083,0,0,200
C,680.0,impulsive,E0,200,1.2221643225965828,1.0188592972360766,2.551393736077671,2.9414028655601148,4.441825330455913,0,0,200
C,680.0,impulsive,E1,200,0.2316964286183514,0.19270998999172662,0.4794853881990434,0.562806429683104,0.9297071381103024,0,0,200
C,680.0,impulsive,E3,200,0.20726740239314206,0.17998981240731382,0.42283579970401197,0.5359851014316973,0.8696872414071777,0,0,200
C,680.0,mixed,E0,200,2.535186992249011,2.1709060760322245,5.280223277560219,5.857038421995684,8.739803469189383,0,0,200
C,680.0,mixed,E1,200,2.0210339379705022,1.9508040757158374,3.1658096532792683,3.6209789729425244,5.660081327296325,0,0,200
C,680.0,mixed,E3,200,1.950507719267797,1.8391448272556092,3.0519848065132007,3.389344434408661,4.69318181262156,0,0,200
