wavelength_nm,n,k
210,1.60290015413806,6.43104062066412e-05
211,1.60175697420916,6.654072778456e-05
212,1.6006344694292,6.87377951615011e-05
213,1.5995320894018,7.08948485614456e-05
214,1.59844940655931,7.30054453431155e-05
215,1.59738586623099,7.50635224074571e-05
216,1.59634103685233,7.70634394186737e-05
217,1.59531442237604,7.89999939929635e-05
218,1.59430565028783,8.08684796132412e-05
219,1.59331422099768,8.26646829426548e-05
220,1.59233975869499,8.43849206119061e-05
221,1.59138185467866,8.60260464784625e-05
222,1.59044006729937,8.75854598441827e-05
223,1.58951411064258,8.906110036137e-05
224,1.58860350880308,9.0451471042208e-05
225,1.58770797328069,9.1755604624064e-05
226,1.5868271514705,9.29730723849381e-05
227,1.58596068956817,9.41039653163856e-05
228,1.58510826414265,9.51488792020891e-05
229,1.58426951912764,9.6108890251655e-05
230,1.58344422364862,9.6985535240468e-05
231,1.58263198803799,9.77808020873648e-05
232,1.58183261115128,9.8497074508003e-05
233,1.58104573299705,9.91371353725862e-05
234,1.58027108748496,9.97041238642741e-05
235,1.57950847102519,0.00010020150089197
236,1.57875755267457,0.000100633044648798
237,1.57801809565086,0.000101002790030183
238,1.57728986247447,0.000101315017847759
239,1.57657264669831,0.000101574225165589
240,1.57586614607974,0.000101785101633705
241,1.57517018458143,0.000101952481701075
242,1.57448455388441,0.000102081344165705
243,1.57380901333043,0.000102176759225083
244,1.57314335343408,0.000102243889433131
245,1.57248736416635,0.000102287947298868
246,1.57184089858617,0.0001023141658727
247,1.57120371386749,0.000102327800478324
248,1.5705756621291,0.00010233408007553
249,1.56995653139605,0.000102338189596399
250,1.56934617292507,0.000102345251771866
251,1.56874440571995,0.000102360307440741
252,1.56815108024812,0.000102388269530529
253,1.56756601471603,0.000102433909499363
254,1.5669890907427,0.000102501833113396
255,1.56642009388479,0.00010259643941898
256,1.56585893699011,0.000102721877480569
257,1.56530543683484,0.000102882023033707
258,1.56475947372929,0.000103080414026117
259,1.56422089574173,0.000103320215013816
260,1.56368961457631,0.000103604137902275
261,1.56316547774135,0.000103934383727044
262,1.56264833244115,0.00010431256774413
263,1.5621380895972,0.000104739616503377
264,1.5616346599222,0.000105215662033537
265,1.56113788986782,0.000105739944935056
266,1.56064765764152,0.000106310677998779
267,1.56016390531025,0.000106924884027454
268,1.55968651067228,0.00010757827868602
269,1.55921538336476,0.000108265071411929
270,1.55875036868517,0.000108977831814277
271,1.55829147210517,0.000109707287314774
272,1.55783850645613,0.000110442198678107
273,1.55739141270221,0.000111169192059099
274,1.55695013167265,0.000111872661630116
275,1.55651453981775,0.00011253472164441
276,1.55608454551788,0.000113135205543789
277,1.55566008913153,0.000113651784550569
278,1.55524107874301,0.000114060172078435
279,1.5548273579637,0.000114334491071008
280,1.55441893101515,0.000114447766865243
281,1.55401564119577,0.000114372610295426
282,1.55361739595523,0.000114082038598112
283,1.55322410259875,0.000113550452287178
284,1.55283563609083,0.000112754705929994
285,1.55245190343255,0.000111675231274528
286,1.55207281148967,0.000110297158083785
287,1.55169820254984,0.000108611316466523
288,1.5513280154006,0.000106615024881197
289,1.55096209201938,0.000104312633732157
290,1.5506003064446,0.00010171569632711
291,1.55024262932287,9.88427561949017e-05
292,1.5498889021998,9.57187963630346e-05
293,1.54953899871317,9.23742741437909e-05
294,1.54919292145725,8.88439384011835e-05
295,1.54885051159018,8.51654459811514e-05
296,1.54851170696975,8.13779057633389e-05
297,1.54817647766959,7.75204579768463e-05
298,1.5478447291061,7.36310162976341e-05
299,1.54751643120982,6.97451424465321e-05
300,1.54719152154547,6.58952447419708e-05
301,1.54686996992561,6.21099686111486e-05
302,1.54655177844525,5.84138633193988e-05
303,1.54623685216917,5.48272993685419e-05
304,1.54592516074955,5.13665029626068e-05
305,1.54561673849251,4.8043832543634e-05
306,1.54531149028704,4.48680545545764e-05
307,1.54500941801368,4.18447742814213e-05
308,1.54471049116629,3.89768320636205e-05
309,1.54441467919569,3.62647273392022e-05
310,1.54412195151036,3.37070425558688e-05
311,1.54383227747697,3.13008033267167e-05
312,1.54354559402806,2.90418317967849e-05
313,1.54326193522842,2.69250334711514e-05
314,1.54298123793591,2.49446684596095e-05
315,1.5427034389452,2.30945645681207e-05
316,1.54242853982173,2.13682807389606e-05
317,1.54215650969363,1.97592824892521e-05
318,1.54188728522336,1.82610310609446e-05
319,1.54162083544706,1.68670810995406e-05
320,1.54135716180334,1.55711573177485e-05
321,1.54109620082797,1.43671846722795e-05
322,1.54083792144909,1.32493530419134e-05
323,1.54058229255991,1.22121084487521e-05
324,1.54032928301924,1.12501793332503e-05
325,1.54007886165199,1.03586009112895e-05
326,1.53983096477856,9.53267940351368e-06
327,1.53958556114198,8.76802609020917e-06
328,1.53934268441597,8.06049524959191e-06
329,1.53910220585082,7.40625188155589e-06
330,1.53886419155371,6.8016741609346e-06
331,1.53862851268231,6.24340871953728e-06
332,1.5383952028113,5.72834825760673e-06
333,1.53816419800605,5.25354169137084e-06
334,1.53793549930522,4.81632638808024e-06
335,1.5377090427059,4.41414047429128e-06
336,1.53748482919877,4.04464290980696e-06
337,1.5372627947146,3.70568840392492e-06
338,1.53704294019768,3.39524192205621e-06
339,1.53682520151437,3.11138243961129e-06
340,1.53660961210326,2.85243412864661e-06
341,1.53639607523804,2.61671348872459e-06
342,1.53618459177463,2.40274004587488e-06
343,1.53597516256119,2.2091442622987e-06
344,1.53576772332412,2.03454061768558e-06
345,1.53556227486987,1.87772369682139e-06
346,1.53535875286625,1.73763130087213e-06
347,1.53515715807946,1.61318404707007e-06
348,1.53495749126882,1.50339350588324e-06
349,1.53475968803001,1.40735136903734e-06
350,1.53456371650113,1.3241088325693e-06
351,1.53436960997068,1.25302729476452e-06
352,1.53417730396504,1.19330300066003e-06
353,1.53398676656655,1.14049870480016e-06
354,1.53379799843434,1.09012968290877e-06
355,1.53361100022173,1.04190982022365e-06
356,1.53342567475603,9.95816853440024e-07
357,1.53324208786509,9.51809848706204e-07
358,1.53306014232998,9.09825415758714e-07
359,1.53287987135351,8.69645861471586e-07
360,1.53270121028226,8.31265788136801e-07
361,1.53252415967926,7.94526784823434e-07
362,1.53234868747311,7.59520824991146e-07
363,1.53217479420611,7.26039869492044e-07
364,1.53200244777888,6.94144648245103e-07
365,1.53183164871354,6.63561942524085e-07
366,1.53166236488346,6.34306569510483e-07
367,1.53149456414326,6.06387554090494e-07
368,1.5313282143291,5.79806460688821e-07
369,1.53116334856876,5.54355240992852e-07
370,1.5309999346833,5.29987193458639e-07
371,1.53083790781397,5.06858567944019e-07
372,1.53067733373178,4.84688757875281e-07
373,1.53051811488797,4.63375801010913e-07
374,1.53036028437757,4.43293892760382e-07
375,1.5302038099548,4.23832614819047e-07
376,1.530048659357,4.05355409048064e-07
377,1.52989483298694,3.87716645933917e-07
378,1.5297423312441,3.70736578244708e-07
379,1.5295911218362,3.54822900885065e-07
380,1.52944120514654,3.39144667289884e-07
381,1.52929254886045,3.2442124272998e-07
382,1.52914512064751,3.10430923938746e-07
383,1.52899895356409,2.96903533416558e-07
384,1.52885401526767,2.84296036188884e-07
385,1.52871024069314,2.71920674903611e-07
386,1.52856769558959,2.60237592407658e-07
387,1.52842631487424,2.48898462779672e-07
388,1.52828613158664,2.38418579101562e-07
389,1.52814708061759,2.27943935107862e-07
390,1.52800916227621,2.17985195492622e-07
391,1.52787237686923,2.08616256713867e-07
392,1.52773672470097,1.99920056238752e-07
393,1.52760217334227,1.91408881227152e-07
394,1.52746869035016,1.83108534327813e-07
395,1.52733630874147,1.75682099499577e-07
396,1.52720499606308,1.67927558266888e-07
397,1.52707471984839,1.60490417693094e-07
398,1.52694548036268,1.54138809931108e-07
399,1.5268173106171,1.47513969788129e-07
400,1.52669014537987,1.41364827461617e-07
401,1.52656398490205,1.34935753615758e-07
402,1.52643882943275,1.29905311570784e-07
403,1.52631464646056,1.23778341158004e-07
404,1.52619146898416,1.19209289550781e-07
405,1.52606923171919,1.13483862666248e-07
406,1.52594796765814,1.09500724499666e-07
407,1.52582764426393,1.04308128356934e-07
408,1.52570829453078,9.99600281193758e-08
409,1.52558982036457,9.54139864062197e-08
410,1.52547228752279,9.18569267238524e-08
411,1.52535566344378,8.81564584836307e-08
412,1.525239948336,8.42936970217881e-08
413,1.52512507683796,8.16170211889097e-08
414,1.52501114750024,7.74287048385535e-08
415,1.5248980293777,7.45058059692383e-08
416,1.52478582102537,7.14634585874188e-08
417,1.52467442426244,6.82856991135454e-08
418,1.52456390485935,6.49526557853918e-08
419,1.52445419740968,6.3220272766341e-08
420,1.5243453348897,5.96046447753906e-08
421,1.52423728467716,5.77119491429242e-08
422,1.52413004694481,5.57550398524693e-08
423,1.52402358905629,5.37269007483719e-08
424,1.52391794398517,5.16191365590357e-08
425,1.52381307908812,4.9421560620597e-08
426,1.52370899452619,4.71216091538724e-08
427,1.52360569045931,4.4703483581543e-08
428,1.52350313422717,4.2146848510894e-08
429,1.52340132598078,4.2146848510894e-08
430,1.52330026587013,3.94247667650072e-08
431,1.52319995404412,3.94247667650072e-08
432,1.5231003906506,3.65002414998886e-08
433,1.52300151017653,3.65002414998886e-08
434,1.522903378419,3.33200093731253e-08
435,1.52280592985449,3.33200093731253e-08
436,1.5227092302866,2.98023223876953e-08
437,1.52261318134318,2.98023223876953e-08
438,1.52251784882805,2.98023223876953e-08
439,1.52242320003342,2.58095682795178e-08
440,1.52232920224241,2.58095682795178e-08
441,1.52223588842203,2.58095682795178e-08
442,1.52214325869808,2.58095682795178e-08
443,1.52205124749464,2.58095682795178e-08
444,1.52195992062866,2.1073424255447e-08
445,1.52186921251466,2.1073424255447e-08
446,1.52177915611957,2.1073424255447e-08
447,1.52168971870089,2.1073424255447e-08
448,1.52160093322789,2.1073424255447e-08
449,1.52151273409065,2.1073424255447e-08
450,1.52142518711897,2.1073424255447e-08
451,1.52133822669385,1.49011611938477e-08
452,1.52125188578355,1.49011611938477e-08
453,1.52116609875451,1.49011611938477e-08
454,1.52108093144316,1.49011611938477e-08
455,1.52099635108044,1.49011611938477e-08
456,1.52091235776425,1.49011611938477e-08
457,1.52082895159186,1.49011611938477e-08
458,1.52074606690269,1.49011611938477e-08
459,1.52066380242314,1.49011611938477e-08
460,1.52058205960744,1.49011611938477e-08
461,1.52050087142362,1.49011611938477e-08
462,1.52042023796055,1.49011611938477e-08
463,1.52034015930646,1.49011611938477e-08
464,1.52026060265995,1.49011611938477e-08
465,1.52018160099378,1.49011611938477e-08
466,1.52010312150196,1.49011611938477e-08
467,1.52002516426538,1.49011611938477e-08
468,1.51994769646853,0
469,1.51987078398132,0
470,1.51979436108968,0
471,1.51971846076831,0
472,1.51964305019304,0
473,1.51956812943678,0
474,1.51949369857199,0
475,1.51941979057797,0
476,1.51934633971323,0
477,1.51927334604409,0
478,1.51920084254848,0
479,1.51912882929658,0
480,1.51905727344297,0
481,1.51898617505229,0
482,1.51891553418878,0
483,1.51884535091628,0
484,1.51877562529822,0
485,1.51870632447488,0
486,1.51863748142867,0
487,1.5185690632961,0
488,1.51850110306183,0
489,1.51843356785867,0
490,1.51836645774332,0
491,1.51829973984059,0
492,1.5182334800682,0
493,1.5181676455517,0
494,1.51810220341056,0
495,1.51803715369552,0
496,1.51797252939571,0
497,1.51790829762539,0
498,1.51784449137585,0
499,1.51778104481509,0
500,1.51771802387664,1.49011611938477e-08
501,1.51765536272238,1.49011611938477e-08
502,1.5175930943438,1.49011611938477e-08
503,1.51753121878925,1.49011611938477e-08
504,1.51746973610679,1.49011611938477e-08
505,1.51740861339324,1.49011611938477e-08
506,1.51734785069212,1.49011611938477e-08
507,1.51728748100022,1.49011611938477e-08
508,1.51722743845476,1.49011611938477e-08
509,1.51716778900687,1.49011611938477e-08
510,1.51710849974549,1.49011611938477e-08
511,1.51704957071284,1.49011611938477e-08
512,1.5169910019509,1.49011611938477e-08
513,1.51693279350141,1.49011611938477e-08
514,1.51687491244334,1.49011611938477e-08
515,1.51681735881417,1.49011611938477e-08
516,1.51676019858117,1.49011611938477e-08
517,1.51670333289012,1.49011611938477e-08
518,1.51664682770907,2.1073424255447e-08
519,1.51659065010965,2.1073424255447e-08
520,1.51653483309814,2.1073424255447e-08
521,1.51647931077216,2.1073424255447e-08
522,1.51642411613638,2.1073424255447e-08
523,1.51636924922659,2.1073424255447e-08
524,1.51631474305304,2.1073424255447e-08
525,1.51626049872705,2.1073424255447e-08
526,1.51620661520784,2.58095682795178e-08
527,1.51615302657746,2.58095682795178e-08
528,1.5160997328672,2.58095682795178e-08
529,1.51604676708867,2.58095682795178e-08
530,1.51599412927623,2.58095682795178e-08
531,1.51594175349847,2.98023223876953e-08
532,1.51588970575039,2.98023223876953e-08
533,1.51583795308074,2.98023223876953e-08
534,1.51578649551974,2.98023223876953e-08
535,1.51573533309744,3.33200093731253e-08
536,1.51568446584373,3.33200093731253e-08
537,1.51563389378834,3.33200093731253e-08
538,1.51558358397021,3.65002414998886e-08
539,1.51553360239884,3.65002414998886e-08
540,1.51548388312116,3.94247667650072e-08
541,1.51543442616301,3.94247667650072e-08
542,1.51538526454496,4.2146848510894e-08
543,1.51533639829577,4.2146848510894e-08
544,1.51528779444698,4.4703483581543e-08
545,1.51523945302385,4.4703483581543e-08
546,1.51519137405148,4.71216091538724e-08
547,1.51514359055503,4.71216091538724e-08
548,1.51509606956127,4.9421560620597e-08
549,1.51504877809264,5.16191365590357e-08
550,1.51500178217717,5.16191365590357e-08
551,1.51495504883808,5.37269007483719e-08
552,1.51490857809968,5.57550398524693e-08
553,1.51486233697983,5.77119491429242e-08
554,1.51481635850687,5.96046447753906e-08
555,1.5147706427047,6.14390615465888e-08
556,1.51472518959711,6.3220272766341e-08
557,1.51467996619748,6.49526557853918e-08
558,1.51463497252639,6.66400187462506e-08
559,1.51459027462875,6.82856991135454e-08
560,1.51454577349118,6.98926413032924e-08
561,1.51450153515934,7.30004829997771e-08
562,1.51445752664114,7.45058059692383e-08
563,1.51441378097269,7.74287048385535e-08
564,1.51437023214272,7.88495335300145e-08
565,1.51432694620416,8.16170211889097e-08
566,1.51428389016063,8.42936970217881e-08
567,1.51424106403175,8.56006539842193e-08
568,1.51419846783703,8.81564584836307e-08
569,1.51415610159587,9.06402249678704e-08
570,1.51411393230497,9.30577218293905e-08
571,1.51407202602783,9.54139864062197e-08
572,1.51403031673742,9.8843121241194e-08
573,1.51398883747537,1.01064592348416e-07
574,1.51394758826057,1.04308128356934e-07
575,1.51390653608471,1.06415576168043e-07
576,1.51386571399184,1.09500724499666e-07
577,1.51382512200056,1.12501299906831e-07
578,1.5137847270996,1.15423898285848e-07
579,1.51374452930473,1.18274300295022e-07
580,1.51370456166321,1.21057605812489e-07
581,1.51366479116085,1.23778341158004e-07
582,1.51362525084646,1.27315577049815e-07
583,1.51358587466982,1.30757158806803e-07
584,1.51354672871372,1.34110450744629e-07
585,1.51350777996019,1.37381918091966e-07
586,1.51346906146113,1.40577273548493e-07
587,1.51343050715916,1.43701594486728e-07
588,1.51339215010519,1.47513969788129e-07
589,1.51335402335343,1.5123026915032e-07
590,1.51331606084123,1.54857409677107e-07
591,1.5132782956218,1.58401516269664e-07
592,1.51324072770991,1.61868043112758e-07
593,1.51320335712026,1.65932308519781e-07
594,1.51316618386747,1.6989937798666e-07
595,1.51312920796607,1.73775908197323e-07
596,1.51309239638564,1.77567829010084e-07
597,1.51305574913816,1.81280449935741e-07
598,1.51301933232858,1.85517960756849e-07
599,1.51298307987896,1.89660818299023e-07
600,1.5129470248492,1.94287371790488e-07
601,1.51291113420453,1.98247055644543e-07
602,1.51287540795666,2.02677704524032e-07
603,1.51283987916767,2.07013547263292e-07
604,1.51280454785145,2.11785292678355e-07
605,1.51276934791793,2.16451869105308e-07
606,1.51273434548173,2.21019938203563e-07
607,1.51269954055657,2.25495486712777e-07
608,1.51266486704757,2.30366361643975e-07
609,1.51263039107379,2.35136357516937e-07
610,1.51259607959298,2.40274004587488e-07
611,1.51256193261633,2.45304072397267e-07
612,1.51252798321223,2.5023304855446e-07
613,1.51249416527802,2.55066793689485e-07
614,1.51246051188124,2.60237592407658e-07
615,1.51242705609232,2.65725769104466e-07
616,1.51239373180401,2.71102866510455e-07
617,1.51236057208593,2.76375368103257e-07
618,1.51232757694888,2.8194320095218e-07
619,1.51229474640365,2.87403188973455e-07
620,1.51226208046095,2.92761366134711e-07
621,1.51222957913145,2.98767352935127e-07
622,1.5121972093613,3.04290322313639e-07
623,1.51216503728928,3.10073078374338e-07
624,1.51213296373041,3.16101363831705e-07
625,1.51210108789066,3.22016817107414e-07
626,1.512069343648,3.28164034270424e-07
627,1.5120377640787,3.34198199093428e-07
628,1.51200631612441,3.40125328615705e-07
629,1.51197503286269,3.46592168498427e-07
630,1.51194391430374,3.52940537998885e-07
631,1.51191292738707,3.59176718985854e-07
632,1.51188207212075,3.65610246252575e-07
633,1.51185138158489,3.72230887317562e-07
634,1.51182082271681,3.78735811327065e-07
635,1.51179042859788,3.85419045578765e-07
636,1.51176016616398,3.92271476420408e-07
637,1.51173003542304,3.9900624272215e-07
638,1.51170006945828,4.05902817007191e-07
639,1.51167023520349,4.12684155229516e-07
640,1.51164053266647,4.1988500367419e-07
641,1.51161096185499,4.26964425501061e-07
642,1.51158155585472,4.34184142480298e-07
643,1.51155224851812,4.41285756080176e-07
644,1.51152310600937,4.48522476652038e-07
645,1.51149409525814,4.56131335050284e-07
646,1.51146521627202,4.63375801010913e-07
647,1.51143646905856,4.70980424561474e-07
648,1.5114078536253,4.78464196860859e-07
649,1.5113793699797,4.86289527180216e-07
650,1.51135101812922,4.93990911670052e-07
651,1.51132279808129,5.01795358672224e-07
652,1.51129467675906,5.09698133959981e-07
653,1.5112667203377,5.17694734514958e-07
654,1.51123889574093,5.25569679991853e-07
655,1.51121116988999,5.33744534509549e-07
656,1.51118357587697,5.41796057304676e-07
657,1.51115614679632,5.50133435188971e-07
658,1.5111287833935,5.58346330976343e-07
659,1.5111015849374,5.66832023907013e-07
660,1.51107448525886,5.7519254283961e-07
661,1.51104751745282,5.83623529302065e-07
662,1.51102068152635,5.9230944259023e-07
663,1.51099394439566,6.00869809200047e-07
664,1.51096733915739,6.09674231573307e-07
665,1.51094086581851,6.18353304900123e-07
666,1.5109144912934,6.27266322965896e-07
667,1.51088824868036,6.36054455352218e-07
668,1.51086210489257,6.45067120251458e-07
669,1.51083609302943,6.54125334848403e-07
670,1.51081018000291,6.63227232821819e-07
671,1.51078439891351,6.7237104014626e-07
672,1.51075871667201,6.81555070044355e-07
673,1.51073313328347,6.90938420258142e-07
674,1.51070771494703,7.0035457611084e-07
675,1.51068236237817,7.0964580177013e-07
676,1.51065714177656,7.19280146726797e-07
677,1.51063202005006,7.28787139692157e-07
678,1.51060699720362,7.38322087635845e-07
679,1.51058210634198,7.48032355189987e-07
680,1.51055731437128,7.57764705126948e-07
681,1.51053265439731,7.67662934803442e-07
682,1.51050806022365,7.77435151383017e-07
683,1.51048359805746,7.8736810765403e-07
684,1.51045923480266,7.97455797210911e-07
685,1.51043497046402,8.07417463311199e-07
686,1.5104108381499,8.17529363891196e-07
687,1.5103867716584,8.27785993357369e-07
688,1.51036283720194,8.37917084664676e-07
689,1.51033900168165,8.48188964769704e-07
690,1.5103152651022,8.58596580677505e-07
691,1.51029162746827,8.69007307995756e-07
692,1.5102680887845,8.79421036224335e-07
693,1.51024464905551,8.89962418177075e-07
694,1.51022130828591,9.00503690823205e-07
695,1.5101980664803,9.11166712415841e-07
696,1.51017492364323,9.21826829208228e-07
697,1.51015187977927,9.32484140823008e-07
698,1.51012893489294,9.43256450778154e-07
699,1.51010608898875,9.54139864062197e-07
700,1.5100833420712,9.65015581768285e-07
701,1.51006069414476,9.75997620452214e-07
702,1.51003811210213,9.86969949798935e-07
703,1.51001566217076,9.98044136145136e-07
704,1.50999327813107,1.00910681207997e-06
705,1.50997099309922,1.02026717475794e-06
706,1.50994880707959,1.03141441826059e-06
707,1.50992672007654,1.04265544918393e-06
708,1.50990473209442,1.0539872667352e-06
709,1.5098828100224,1.06530276249141e-06
710,1.50986098697899,1.07670556899906e-06
711,1.50983926296847,1.08809091231398e-06
712,1.50981760487855,1.09956030931313e-06
713,1.50979604582912,1.11111115707798e-06
714,1.50977458582441,1.12264205228313e-06
715,1.50975322486865,1.13425148928076e-06
716,1.50973192984759,1.14593708096328e-06
717,1.50971073388293,1.15760061796915e-06
718,1.50968960385947,1.16933770876011e-06
719,1.50966860601968,1.18114616061856e-06
720,1.50964764100813,1.1929307913557e-06
721,1.50962677506775,1.20478445474488e-06
722,1.50960600820263,1.21670513315067e-06
723,1.50958534041687,1.22860051452063e-06
724,1.5095647385924,1.24056082347275e-06
725,1.50954420273193,1.252584200124e-06
726,1.50952376596117,1.26466884569637e-06
727,1.50950339516068,1.27672606488418e-06
728,1.50948312345705,1.288842771421e-06
729,1.50946295085427,1.30101730324524e-06
730,1.50944281110671,1.31316350918223e-06
731,1.50942280359141,1.32536593798163e-06
732,1.50940282893659,1.33762305096985e-06
733,1.5093829533958,1.34993335858469e-06
734,1.50936317697294,1.36221391982261e-06
735,1.50934346654494,1.37462707230435e-06
736,1.50932382211437,1.38692913029669e-06
737,1.50930424368381,1.39936105806681e-06
738,1.50928476438411,1.41184079074519e-06
739,1.5092653510904,1.42428912464959e-06
740,1.50924603693436,1.43678414940729e-06
741,1.50922678879024,1.44924805260724e-06
742,1.50920760666057,1.46183353286156e-06
743,1.50918849054788,1.47438688349295e-06
744,1.50916947358546,1.48698358290987e-06
745,1.50915052264585,1.49962253873457e-06
746,1.50913163773154,1.51222927696924e-06
747,1.50911281884501,1.52487740581823e-06
748,1.50909409912118,1.53756590383528e-06
749,1.50907544543088,1.55029377980709e-06
750,1.50905685777655,1.56306007177911e-06
751,1.50903833616064,1.57579339282681e-06
752,1.50901988058558,1.58856442581753e-06
753,1.50900152418828,1.601372268487e-06
754,1.50898320070258,1.61414726533558e-06
755,1.50896497640026,1.62695843072627e-06
756,1.50894681814923,1.63980491694656e-06
757,1.50892872595187,1.65268590034005e-06
758,1.50891069981055,1.66553392319953e-06
759,1.50889273972765,1.67841589085777e-06
760,1.50887484570552,1.69133102769658e-06
761,1.50885701774651,1.70421343511293e-06
762,1.50883925585297,1.71719316135501e-06
763,1.50882159316567,1.73013968193159e-06
764,1.50880396341044,1.74305373674744e-06
765,1.50878643286685,1.75599926782271e-06
766,1.50876893525918,1.7689755841188e-06
767,1.50875150372855,1.78198201310588e-06
768,1.50873417141762,1.79495604889429e-06
769,1.50871687204832,1.80795979742399e-06
770,1.5086996387629,1.82099262215705e-06
771,1.50868247156364,1.83399336841886e-06
772,1.50866540359465,1.84702282337501e-06
773,1.50864836857482,1.86002069594317e-06
774,1.50863139964788,1.87310619090868e-06
775,1.50861449681605,1.88610090278965e-06
776,1.50859762693821,1.89918207721172e-06
777,1.50858085630292,1.91223182535628e-06
778,1.50856415176939,1.92525078626488e-06
779,1.50854748019536,1.93829685944427e-06
780,1.50853090787156,1.95136950110925e-06
781,1.50851436851091,1.96441166484831e-06
782,1.50849789526002,1.9774800978353e-06
783,1.50848148812107,1.99051850789744e-06
784,1.50846511394994,2.00358289382786e-06
785,1.50844883904098,2.01661769783019e-06
786,1.5084325971034,2.02967819005233e-06
787,1.50841642128564,2.04270952799246e-06
788,1.50840031158981,2.05571226608521e-06
789,1.50838423486997,2.06879427685064e-06
790,1.50836825742401,2.08179408177821e-06
791,1.50835231295755,2.09481921108562e-06
792,1.50833643462075,2.1078691953131e-06
793,1.50832058926625,2.1208912293117e-06
794,1.50830484319469,2.13388582478014e-06
795,1.50828913010888,2.14685347996291e-06
796,1.50827348316035,2.15984608360642e-06
797,1.50825786920033,2.17286318817383e-06
798,1.50824232138101,2.18580277339286e-06
799,1.50822683970444,2.19876719618806e-06
800,1.5082113910208,2.21175601979589e-06
801,1.50819604163549,2.22466900890313e-06
802,1.50818069209396,2.23760671174685e-06
803,1.50816544185479,2.25051937079865e-06
804,1.50815022461462,2.26345646510713e-06
805,1.50813507352796,2.27632003473381e-06
806,1.50811995544295,2.28920831748351e-06
807,1.50810490351477,2.30207267169082e-06
808,1.50808991774541,2.31496145537364e-06
809,1.50807496498199,2.32777887566357e-06
810,1.50806004522548,2.34062097258725e-06
811,1.50804522478788,2.35339299324296e-06
812,1.50803043736047,2.36618991485989e-06
813,1.5080156829442,2.37896466773452e-06
814,1.50800099469653,2.391717607093e-06
815,1.50798637261939,2.40444908002499e-06
816,1.50797178355758,2.41715942572937e-06
817,1.50795726066951,2.4298946663511e-06
818,1.50794277079933,2.44256350781933e-06
819,1.50792831394799,2.45521219744949e-06
820,1.50791395643322,2.46784104510071e-06
821,1.50789959878175,2.48045035384055e-06
822,1.50788530731161,2.49304042014095e-06
823,1.50787108202468,2.50561153406715e-06
824,1.5078568897632,2.51816397945985e-06
825,1.50784276368805,2.53069803411088e-06
826,1.50782867064082,2.54321396993278e-06
827,1.50781461062245,2.55571205312232e-06
828,1.50780061679474,2.56814931421212e-06
829,1.50778668915953,2.58056965538747e-06
830,1.50777279455717,2.59297331978753e-06
831,1.50775893298856,2.6053605455979e-06
832,1.50774513761672,2.61773156618309e-06
833,1.50773137528106,2.63004439746263e-06
834,1.50771764598249,2.64234186986898e-06
835,1.50770398288492,2.65462419685079e-06
836,1.50769038599015,2.66689158766412e-06
837,1.50767678897275,2.67910280769545e-06
838,1.50766329132444,2.69129987416017e-06
839,1.50764979355529,2.70344191191662e-06
840,1.50763636199429,2.7155705430287e-06
841,1.50762296347842,2.72768594633399e-06
842,1.50760963117364,2.73974777479437e-06
843,1.50759629875095,2.75179707859398e-06
844,1.50758306570737,2.76383402154162e-06
845,1.50756983254764,2.77577877196627e-06
846,1.50755666560424,2.78775199262346e-06
847,1.50754353171238,2.79967400849699e-06
848,1.50753046403975,2.81154547096986e-06
849,1.50751742942096,2.82340634011712e-06
850,1.50750442785686,2.83521759085541e-06
851,1.50749145934831,2.84701883699131e-06
852,1.50747855706414,2.85877136701603e-06
853,1.50746568783778,2.87047577930176e-06
854,1.5074528516701,2.88217118069874e-06
855,1.50744004856192,2.89381931539318e-06
856,1.5074273116832,2.90542075187655e-06
857,1.50741460786623,2.91701410783906e-06
858,1.50740193711186,2.92856156930827e-06
859,1.50738933259084,2.94006367705302e-06
860,1.50737676113462,2.95155857635058e-06
861,1.50736422274405,2.96297141220193e-06
862,1.50735171741994,2.97437778266783e-06
863,1.50733924516312,2.98574057790193e-06
864,1.50732683914571,2.99706029352636e-06
865,1.50731446619776,3.00833741583859e-06
866,1.50730212632011,3.01960918938883e-06
867,1.50728981951355,3.03080241209215e-06
868,1.50727757895129,3.04199094512963e-06
869,1.50726533828962,3.05313847693775e-06
870,1.5072531638744,3.06420922325155e-06
871,1.50724102253404,3.07527621734486e-06
872,1.50722891426934,3.08630352721083e-06
873,1.50721683908109,3.09725573154303e-06
874,1.50720483014409,3.10820506332565e-06
875,1.5071928211114,3.11911595885601e-06
876,1.50718087833206,3.12995334937957e-06
877,1.50716896863287,3.14078869368817e-06
878,1.50715709201461,3.15155155802687e-06
879,1.50714524847806,3.16227779099239e-06
880,1.50713347119957,3.17296776408237e-06
881,1.50712169382905,3.18362184255731e-06
882,1.50710994954257,3.19424038558624e-06
883,1.50709827151725,3.20482374638797e-06
884,1.50708662657803,3.21533774358301e-06
885,1.50707501472568,3.22581747239466e-06
886,1.50706343596097,3.23626326572853e-06
887,1.50705189028465,3.24667545113476e-06
888,1.50704037769749,3.25702026402867e-06
889,1.50702889820026,3.26733232401996e-06
890,1.50701745179369,3.27757806715157e-06
891,1.50700603847855,3.28782564950839e-06
892,1.50699469143421,3.29800772774302e-06
893,1.50698334430442,3.30812490670094e-06
894,1.50697203026832,3.31824469697798e-06
895,1.50696078250599,3.32826700408786e-06
896,1.50694956783933,3.33829247918489e-06
897,1.50693835308921,3.34825477794924e-06
898,1.50692720461583,3.35815446263755e-06
899,1.50691605605997,3.36802504916532e-06
900,1.50690497378282,3.37786679261892e-06
901,1.50689392460501,3.3876471718503e-06
902,1.50688287534617,3.39736671682762e-06
903,1.50687189236896,3.40705853431824e-06
904,1.50686094249326,3.41672286027613e-06
905,1.50685002571979,3.42632752476924e-06
906,1.50683910886724,3.43587302813189e-06
907,1.50682825830015,3.44535986208874e-06
908,1.50681744083745,3.45482064558207e-06
909,1.5068066232971,3.46425559204111e-06
910,1.50679587204507,3.47363295070609e-06
911,1.50678515389956,3.48295318671802e-06
912,1.50677443567781,3.49221675743394e-06
913,1.50676378374723,3.50145582021759e-06
914,1.50675313174134,3.51063894417581e-06
915,1.50674254602848,3.51976656714436e-06
916,1.50673196024125,3.52887058107981e-06
917,1.50672140756429,3.53788840689245e-06
918,1.50671092118315,3.54691460650555e-06
919,1.50670043472903,3.55585545021883e-06
920,1.50668998138725,3.56474272497394e-06
921,1.5066795611585,3.57360789786152e-06
922,1.50666917404347,3.58242014223024e-06
923,1.50665882004284,3.59117984771729e-06
924,1.5066484991573,3.59988739785561e-06
925,1.50663821138753,3.60854317020367e-06
926,1.50662792354751,3.61717822967123e-06
927,1.50661770201108,3.62573148343635e-06
928,1.5066074804053,3.63426460714622e-06
929,1.50659732510491,3.64274726476114e-06
930,1.50658716973607,3.65114940065236e-06
931,1.50657704748658,3.65953224563515e-06
932,1.50656695835713,3.66786566318858e-06
933,1.50655690234837,3.67614998945191e-06
934,1.50654687946097,3.68438555556986e-06
935,1.50653685650688,3.69257268779254e-06
936,1.50652689986395,3.70071170757276e-06
937,1.50651694315522,3.70880293166081e-06
938,1.50650701957004,3.71684667219683e-06
939,1.50649716229865,3.72484323680079e-06
940,1.50648727177296,3.7327929286602e-06
941,1.50647744756236,3.74069604661561e-06
942,1.50646765647791,3.74855288524395e-06
943,1.50645786532983,3.75636373493981e-06
944,1.50644814049942,3.76409938705945e-06
945,1.50643841560624,3.77181917410574e-06
946,1.50642872384135,3.77946444346711e-06
947,1.50641906520541,3.78709427882548e-06
948,1.50640940650754,3.79465025855919e-06
949,1.50639981413118,3.80216202288239e-06
950,1.50639022169374,3.80962983334469e-06
951,1.50638066238736,3.81705394792447e-06
952,1.50637113621266,3.8244055912536e-06
953,1.50636160997772,3.83174312962884e-06
954,1.50635215006808,3.83900880531603e-06
955,1.50634269009903,3.84623189089338e-06
956,1.50633326326376,3.85341262586186e-06
957,1.50632386956289,3.86055124654149e-06
958,1.50631450899703,3.86761928064082e-06
959,1.506305148373,3.87467442152191e-06
960,1.50629582088482,3.88165953638361e-06
961,1.50628652653309,3.88857500259281e-06
962,1.50627726531843,3.89547819210704e-06
963,1.50626803724146,3.9023122697144e-06
964,1.50625880910794,3.90910599893897e-06
965,1.50624961411292,3.91585958978521e-06
966,1.506240452257,3.92254494603633e-06
967,1.50623129034536,3.92919067186011e-06
968,1.50622219476925,3.93579696800851e-06
969,1.50621309913821,3.94236403270075e-06
970,1.50620400345225,3.94886394676623e-06
971,1.50619497410383,3.95532511043061e-06
972,1.50618594470128,3.96174771328649e-06
973,1.50617694844123,3.96810396399196e-06
974,1.50616798532428,3.97442211519635e-06
975,1.50615905535101,3.98070234831367e-06
976,1.5061501253248,3.98691699597173e-06
977,1.50614122844305,3.99309416806836e-06
978,1.50613233150875,3.99923403825658e-06
979,1.50612350091752,4.00530905938962e-06
980,1.50611467027451,4.01134720326005e-06
981,1.50610587277792,4.01732100033916e-06
982,1.50609707522994,4.02325833247443e-06
983,1.50608831082916,4.02915936086907e-06
984,1.50607957957615,4.03499673005109e-06
985,1.5060708814715,4.04079819134316e-06
986,1.5060621833166,4.04656389918613e-06
987,1.50605351831083,4.05226660870442e-06
988,1.50604488645474,4.05793394490846e-06
989,1.50603625454918,4.06353873431151e-06
990,1.50602765579406,4.06910851964588e-06
991,1.50601909018996,4.07464344445676e-06
992,1.50601055773744,4.0801164401331e-06
993,1.50600202523658,4.08552775555674e-06
994,1.50599349268738,4.09093191312255e-06
995,1.50598502649156,4.09624763171977e-06
996,1.50597656024814,4.10155646102003e-06
997,1.50596812715836,4.10680436060577e-06
998,1.50595969402136,4.11199156376034e-06
999,1.50595129403874,4.11714526583371e-06
1000,1.50594292721105,4.12226559247614e-06
1002.5,1.50592207634296,4.13485072161228e-06
1005,1.5059013911997,4.14712996168112e-06
1007.5,1.50588080538179,4.15915940921834e-06
1010,1.5058603520969,4.17088798908056e-06
1012.5,1.50584003135044,4.18234477801379e-06
1015,1.50581984314777,4.19353200362863e-06
1017.5,1.50579978749423,4.20442541171641e-06
1020,1.50577986439511,4.21507995927436e-06
1022.5,1.50576004064986,4.22544490408014e-06
1025,1.50574034946864,4.23554858434099e-06
1027.5,1.50572079085667,4.24536671409666e-06
1030,1.50570133161198,4.25495345534676e-06
1032.5,1.50568200494599,4.26425829789022e-06
1035,1.50566281086379,4.27330906366945e-06
1037.5,1.50564371616207,4.28208143665019e-06
1040,1.50562472084461,4.29062887578609e-06
1042.5,1.50560585812439,4.29890107158858e-06
1045,1.5055871280064,4.30692538772581e-06
1047.5,1.50556846407549,4.3147032071887e-06
1050,1.50554996596549,4.32221017429308e-06
1052.5,1.50553153404993,4.32949898470496e-06
1055,1.50551323475378,4.3365451369628e-06
1057.5,1.50549503487021,4.34332425052756e-06
1060,1.50547693440282,4.3498886202622e-06
1062.5,1.5054589333552,4.3562137310637e-06
1065,1.50544106494377,4.36230062367153e-06
1067.5,1.50542329596,4.36815029393653e-06
1070,1.50540559319378,4.37376369367462e-06
1072.5,1.50538802307551,4.37916708392763e-06
1075,1.5053705523954,4.38431059617758e-06
1077.5,1.50535318115692,4.38927102675608e-06
1080,1.50533590936352,4.39397319550727e-06
1082.5,1.50531870380307,4.3984936543228e-06
1085,1.50530163090969,4.40278253039544e-06
1087.5,1.5052846242553,4.40684049987609e-06
1090,1.5052677502755,4.41069337133083e-06
1092.5,1.50525094254064,4.41434168179309e-06
1095,1.50523423427037,4.41778593805659e-06
1097.5,1.50521762546801,4.42100150462776e-06
1100,1.50520108291868,4.42403907093019e-06
1102.5,1.5051846398431,4.42687392428036e-06
1105,1.50516829624452,4.42950645388293e-06
1107.5,1.50515205212618,4.43193702027322e-06
1110,1.50513587427171,4.43416595556668e-06
1112.5,1.5051197959032,4.43621859009567e-06
1115,1.50510378380353,4.43807015265362e-06
1117.5,1.50508787119547,4.43974590133319e-06
1120,1.50507205808218,4.44122103706801e-06
1122.5,1.50505631124544,4.4425207506045e-06
1125,1.50504063068734,4.4436451958694e-06
1127.5,1.50502504963198,4.44456952664208e-06
1130,1.50500953486008,4.4453438179637e-06
1132.5,1.50499411959641,4.44594317669786e-06
1135,1.50497877062096,4.44634270430261e-06
1137.5,1.50496352115916,4.4465923908263e-06
1140,1.5049483379903,4.44669226151013e-06
1142.5,1.5049332211164,4.4465923908263e-06
1145,1.50491820376384,4.44634270430261e-06
1147.5,1.50490321948615,4.44594317669786e-06
1150,1.50488833473443,4.44536879285769e-06
1152.5,1.50487354951164,4.44464446395549e-06
1155,1.50485879736929,4.44377011666871e-06
1157.5,1.50484414476043,4.44274566242497e-06
1160,1.5048295584616,4.44154600110811e-06
1162.5,1.50481503847473,4.44022099854258e-06
1165,1.50480058480175,4.43874553046329e-06
1167.5,1.50478619744457,4.43711944676811e-06
1170,1.50477190963271,4.43536761301056e-06
1172.5,1.50475765491313,4.43346483831424e-06
1175,1.50474346651502,4.43141092824451e-06
1177.5,1.50472937766883,4.42925580418893e-06
1180,1.50471535514847,4.42692408232661e-06
1182.5,1.50470136572663,4.424490762111e-06
1185,1.5046874758632,4.42190546141573e-06
1187.5,1.50467361910134,4.41921815901538e-06
1190,1.50465986190219,4.41637839146679e-06
1192.5,1.50464613780765,4.41343617579755e-06
1195,1.50463248004935,4.41036613401174e-06
1197.5,1.50461888862908,4.4071679989776e-06
1200,1.50460536354866,4.40386670188449e-06
1202.5,1.50459190480986,4.40043678078633e-06
1205,1.50457851241447,4.39687793467169e-06
1207.5,1.50456515313206,4.39321512160384e-06
1210,1.50455189342849,4.38944808131442e-06
1212.5,1.50453866684085,4.38557654522199e-06
1215,1.50452550660306,4.38157489795885e-06
1217.5,1.50451237948352,4.37749350713741e-06
1220,1.50449935195038,4.37330676321906e-06
1222.5,1.50448635753838,4.36898895196364e-06
1225,1.50447342948257,4.36459055877276e-06
1227.5,1.50446053455018,4.36011133977809e-06
1230,1.50444770597684,4.3555000656377e-06
1232.5,1.50443494376425,4.35080735202834e-06
1235,1.50442224791409,4.34603293514245e-06
1237.5,1.50440958519243,4.34115097109075e-06
1240,1.50439698883599,4.33618670036782e-06
1242.5,1.50438442561028,4.33111420637595e-06
1245,1.50437192875257,4.32598443682898e-06
1247.5,1.50435946502778,4.32074579769302e-06
1250,1.50434710091076,4.31542361942166e-06
1252.5,1.50433473669213,4.31001759254276e-06
1255,1.50432243884698,4.3045531930485e-06
1257.5,1.50431020737695,4.29897854811119e-06
1260,1.50429800904556,4.29334494692036e-06
1262.5,1.50428587709198,4.28762626351203e-06
1265,1.50427377827918,4.28184808565879e-06
1267.5,1.50426174584687,4.27598420810306e-06
1270,1.50424974655748,4.27003427778033e-06
1272.5,1.50423778041179,4.26402397151813e-06
1275,1.50422588065029,4.25795303364583e-06
1277.5,1.5042140140346,4.25179509266044e-06
1280,1.50420221380572,4.24557592017847e-06
1282.5,1.50419044672474,4.23929524671463e-06
1285,1.50417874603317,4.23295279851139e-06
1287.5,1.50416707849157,4.2265482974673e-06
1290,1.50415544410071,4.22008146106353e-06
1292.5,1.50414384286136,4.21355200228865e-06
1295,1.50413230801605,4.20695962956141e-06
1297.5,1.50412080632429,4.20033047853657e-06
1300,1.50410937102911,4.19361142683396e-06
1302.5,1.5040979688895,4.18685507571213e-06
1305,1.50408659990623,4.18003468425212e-06
1307.5,1.50407526408003,4.1731765423332e-06
1310,1.50406399465493,4.16625381562376e-06
1312.5,1.50405275838891,4.15929287431339e-06
1315,1.50404155528271,4.15226678854079e-06
1317.5,1.50403038533707,4.14520201045964e-06
1320,1.50401928179699,4.13807151250538e-06
1322.5,1.50400817817493,4.13092870644102e-06
1325,1.50399714096038,4.12371968295356e-06
1327.5,1.50398613690983,4.11647106449854e-06
1330,1.50397519926922,4.10918264153883e-06
1332.5,1.50396426154907,4.10182713543421e-06
1335,1.50395339024079,4.09445841552272e-06
1337.5,1.50394255209988,4.0870492460087e-06
1340,1.50393171388087,4.07959940650437e-06
1342.5,1.5039209420766,4.07210867379499e-06
1345,1.50391023668852,4.06457682179057e-06
1347.5,1.50389953122423,4.05700362147643e-06
1350,1.50388885893087,4.04938884086274e-06
1352.5,1.50387825305652,4.04175971382943e-06
1355,1.50386764710738,4.03408863803963e-06
1357.5,1.50385710757911,4.02640294739441e-06
1360,1.50384656797698,4.01867493154241e-06
1362.5,1.5038360947976,4.01090434583317e-06
1365,1.50382565479381,4.00311867641212e-06
1367.5,1.50381521471754,3.99529004689905e-06
1370,1.50380484106679,3.98744604731673e-06
1372.5,1.50379450059369,3.97955868873271e-06
1375,1.50378419329895,3.97168362013884e-06
1377.5,1.50377391918324,3.963736887166e-06
1380,1.50376364499733,3.95580225586248e-06
1382.5,1.50375343724149,3.94782355478154e-06
1385,1.50374326266671,3.93982869575433e-06
1387.5,1.50373308802309,3.93181758021535e-06
1390,1.50372297981224,3.92376181383209e-06
1392.5,1.50371290478446,3.91571782740894e-06
1395,1.50370282968919,3.9076288707456e-06
1397.5,1.50369282102935,3.89952313483084e-06
1400,1.50368281230289,3.89140051481177e-06
1402.5,1.50367283676173,3.88326090473891e-06
1405,1.50366289440653,3.87513284759051e-06
1407.5,1.50365298523794,3.86695899565425e-06
1410,1.50364310925661,3.85876782945899e-06
1412.5,1.50363326646321,3.85055923850861e-06
1415,1.50362345685839,3.84236200552022e-06
1417.5,1.50361368044279,3.83411829095839e-06
1420,1.50360390396362,3.82588583223062e-06
1422.5,1.50359416067454,3.81763562083448e-06
1425,1.50358448383006,3.80936754142542e-06
1427.5,1.5035748069233,3.80111068537497e-06
1430,1.50356512995426,3.79280658281873e-06
1432.5,1.50355551943196,3.7845135950977e-06
1435,1.50354594210295,3.77623179543979e-06
1437.5,1.50353636471294,3.76790232751549e-06
1440,1.50352682051706,3.75958393590405e-06
1442.5,1.50351730951595,3.75124709830197e-06
1445,1.50350779845467,3.74292135350651e-06
1447.5,1.50349835384477,3.73457704761209e-06
1450,1.50348890917555,3.72624385073925e-06
1452.5,1.50347949770319,3.71789197607906e-06
1455,1.5034701194283,3.70952129747411e-06
1457.5,1.50346074109492,3.70116168407163e-06
1460,1.50345142921667,3.69278314647176e-06
1462.5,1.50344211728073,3.68441568864002e-06
1465,1.50343280528712,3.67605938623582e-06
1467.5,1.5034235597507,3.66768404522094e-06
1470,1.50341431415741,3.6592895348693e-06
1472.5,1.5034051017651,3.65090613259841e-06
1475,1.50339592257438,3.64253391510502e-06
1477.5,1.50338674332761,3.63417295968985e-06
1480,1.50337759728325,3.62579272424547e-06
1482.5,1.50336848444188,3.61739307477663e-06
1485,1.50335937154528,3.60900463844221e-06
1487.5,1.50335029185249,3.60062749361244e-06
1490,1.50334124536411,3.59226171928259e-06
1492.5,1.50333223208073,3.58387641693857e-06
1495,1.50332321874332,3.57550250014717e-06
1497.5,1.50331423861172,3.56714004909169e-06
1500,1.50330525842647,3.55878914459875e-06
1502.5,1.50329631144781,3.55041859808024e-06
1505,1.50328739767635,3.54205961441631e-06
1507.5,1.50327848385204,3.53371227566266e-06
1510,1.5032696032357,3.52534517207307e-06
1512.5,1.50326075582793,3.51698973014619e-06
1515,1.50325190836809,3.5086460331948e-06
1517.5,1.5032430941176,3.50031416520836e-06
1520,1.50323431307704,3.49199421085831e-06
1522.5,1.50322553198518,3.48365438615509e-06
1525,1.50321678410404,3.47535843977238e-06
1527.5,1.50320803617198,3.46704264288984e-06
1530,1.5031993214514,3.45873895154592e-06
1532.5,1.50319060668031,3.45044745313855e-06
1535,1.50318192512146,3.44216823577881e-06
1537.5,1.50317327677543,3.43386905690052e-06
1540,1.50316462837965,3.4256145909432e-06
1542.5,1.50315601319746,3.41734018666961e-06
1545,1.50314739796589,3.40907826571584e-06
1547.5,1.50313881594867,3.40082891906225e-06
1550,1.50313026714637,3.39259223843494e-06
1552.5,1.50312171829545,3.38436831631145e-06
1555,1.5031131693959,3.37615724592643e-06
1557.5,1.50310465371222,3.36795912127734e-06
1560,1.50309617124497,3.35974099239344e-06
1562.5,1.50308768872985,3.3515689637172e-06
1565,1.5030792394319,3.34341016714086e-06
1567.5,1.50307079008646,3.33523141220055e-06
1570,1.50306237395894,3.32706592130704e-06
1572.5,1.50305395778429,3.31894724358883e-06
1575,1.50304554156252,3.31080865752298e-06
1577.5,1.50303719182557,3.30268363188744e-06
1580,1.50302880877608,3.29457226700983e-06
1582.5,1.50302049221253,3.28650844544377e-06
1585,1.50301214233643,3.27842478965069e-06
1587.5,1.50300382568066,3.27035510081459e-06
1590,1.50299554224577,3.2622994825823e-06
1592.5,1.50298725876522,3.25425803944531e-06
1595,1.50297900850629,3.24623087674569e-06
1597.5,1.50297075820206,3.23821810068201e-06
1600,1.50296254112018,3.23021981831532e-06
1602.5,1.50295432399337,3.2222016823423e-06
1605,1.50294610682164,3.21423262660808e-06
1607.5,1.50293792287316,3.20627839072329e-06
1610,1.50292973888011,3.19833908525836e-06
1612.5,1.50292158811103,3.19041482167576e-06
1615,1.50291343729775,3.18250571233586e-06
1617.5,1.50290531970916,3.1745768983807e-06
1620,1.50289720207672,3.16669835122076e-06
1622.5,1.50288911766969,3.15883530056903e-06
1625,1.50288103321917,3.1509878624366e-06
1627.5,1.50287294872517,3.1431561537616e-06
1630,1.50286489745746,3.13530488224607e-06
1632.5,1.50285684614663,3.12750489872559e-06
1635,1.5028488280628,3.11972100083869e-06
1637.5,1.5028408099362,3.11191763300306e-06
1640,1.50283282503731,3.10416618036578e-06
1642.5,1.50282480682533,3.09643117809243e-06
1645,1.50281685511227,3.08871274977198e-06
1647.5,1.50280887008611,3.08097498538127e-06
1650,1.50280091828873,3.07328998952199e-06
1652.5,1.50279299972065,3.06562194398656e-06
1655,1.50278508111085,3.05793467019945e-06
1657.5,1.50277716245933,3.05030081798068e-06
1660,1.50276924376607,3.04264781286618e-06
1662.5,1.50276135830318,3.03504867099606e-06
1665,1.50275350607116,3.02746712650946e-06
1667.5,1.50274562052568,3.01986654818983e-06
1670,1.50273776821143,3.0123205050038e-06
1672.5,1.50272994912893,3.00475551099531e-06
1675,1.50272213000574,2.99724550647039e-06
1677.5,1.50271431084186,2.98971663728473e-06
1680,1.5027064916373,2.98224321705444e-06
1682.5,1.50269870566553,2.97475102152723e-06
1685,1.50269091965341,2.96731473957469e-06
1687.5,1.50268316687476,2.95985977494156e-06
1690,1.50267541405612,2.9524235901276e-06
